Date,V,NVDA,Spread,Z-Score
2022-01-03,5.373705586818742,3.4034689315130757,4.784463781389321,
2022-01-04,5.378346435118646,3.3754924863201348,4.793948185310477,
2022-01-05,5.367226596027979,3.3162069298659156,4.793092441184073,
2022-01-06,5.3660896651511205,3.336787772028507,4.7883923537639435,
2022-01-07,5.353312084677689,3.303189652964514,4.781431608036083,
2022-01-10,5.330043751018847,3.308789347183487,4.757193800585108,
2022-01-11,5.34134924657319,3.3238937449205843,4.765884275179477,
2022-01-12,5.347534031898555,3.330414974927241,4.77094004143046,
2022-01-13,5.344236942000518,3.2782171672918294,4.776679946148641,
2022-01-14,5.342700979717948,3.2919327535361727,4.772769407525353,
2022-01-18,5.347534031898555,3.2526051230412936,4.784411243468168,
2022-01-19,5.342747541016454,3.219798479535781,4.785304559347421,
2022-01-20,5.341209214513221,3.1825308312654528,4.7902183723503216,
2022-01-21,5.301135352741905,3.149870637282806,4.75579896256763,
2022-01-24,5.281123815864752,3.149784883605002,4.735802272205296,
2022-01-25,5.281866567985081,3.1039087497935323,4.744487548984187,
2022-01-26,5.300843926743746,3.123778001970118,4.760024948612725,
2022-01-27,5.302203087376346,3.0867401165841746,4.767796469955313,
2022-01-28,5.4029447186096435,3.126759665941342,4.8616095256704535,
2022-01-31,5.394885951117167,3.1963478104403817,4.841502978478437,
2022-02-01,5.421886783602086,3.202536162781301,4.867432422923867,
2022-02-02,5.434970179464548,3.2267556167921945,4.87632271019769,
2022-02-03,5.418351691020772,3.1741311546913202,4.868815082961125,
2022-02-04,5.4046537090325435,3.189504276211774,4.852455555925159,
2022-02-07,5.399253627491741,3.206182537243108,4.844167970828637,
2022-02-08,5.402681437127817,3.2214327490724415,4.844955514743966,
2022-02-09,5.415453830917561,3.2830969843649673,4.847051993440799,
2022-02-10,5.393943908103355,3.249550636397505,4.831349942253947,
2022-02-11,5.389946254222955,3.1741728017079676,4.840402435824746,
2022-02-14,5.392835093217561,3.187363678714081,4.841007541270233,0.8727241690963734
2022-02-15,5.403780492297713,3.2752023184243724,4.8367454565475745,0.7263174822770379
2022-02-16,5.408160503639987,3.275806102267631,4.841020934929786,0.7825505430266289
2022-02-17,5.389590185198897,3.1972050948063417,4.836058791112013,0.6300370419763717
2022-02-18,5.381005216825783,3.161270973858412,4.8336950889616705,0.5394421201977437
2022-02-22,5.374834391389867,3.150554768329895,4.829379557762324,0.40434078659258044
2022-02-23,5.350271552423006,3.1067266560603723,4.812404669948222,-0.03553565248728758
2022-02-24,5.3565034995131215,3.1657444872046105,4.808418873296367,-0.16939300490601522
2022-02-25,5.3655284901247775,3.1828204397916657,4.814487508103315,-0.05697317731923337
2022-02-28,5.351058571557495,3.1922144978291356,4.7983911983952,-0.4869102864036166
2022-03-01,5.317415373026864,3.154267395688161,4.771317773065473,-1.174651644877144
2022-03-02,5.315067846450191,3.1855951920221335,4.763546472203384,-1.3284363944553608
2022-03-03,5.309053971229223,3.1644823641015285,4.761187856099509,-1.3376951632764158
2022-03-04,5.27499099818409,3.1311244002738774,4.732900139778261,-1.8680000692541658
2022-03-07,5.225926153468482,3.0595619336895443,4.696224888697753,-2.445115660226861
2022-03-08,5.231208650756861,3.0671203836014103,4.7001987932644305,-2.225134622226396
2022-03-09,5.272341257746608,3.134519417528971,4.729662620772174,-1.5985538956226057
2022-03-10,5.263340175965966,3.1189297020436806,4.723360582903356,-1.6445692828593226
2022-03-11,5.256955208083838,3.0939943093270394,4.721292673915876,-1.595560301559109
2022-03-14,5.275190822107004,3.0585311513428595,4.745668016450546,-1.0704257999892255
2022-03-15,5.303780170910307,3.1327362878417033,4.761410246774857,-0.730258985719596
2022-03-16,5.331197581305274,3.1969264858546578,4.777714422723106,-0.3841578607754148
2022-03-17,5.338627169373643,3.2078884841855997,4.78324616250268,-0.2300176502464396
2022-03-18,5.364798612829216,3.2737863408818164,4.798008724950385,0.11067921880087006
2022-03-21,5.355306236631218,3.284352869345007,4.786686968072246,-0.07792961571318627
2022-03-22,5.361873263573874,3.276466638631593,4.794619336352553,0.12615153030036358
2022-03-23,5.344373126344928,3.2423361080924153,4.783028210147318,-0.08063005263905448
2022-03-24,5.356549710490137,3.335963971249981,4.778995023545204,-0.12349954909914394
2022-03-25,5.361690176121036,3.319560317222466,4.7869754500834345,0.09399504531882076
2022-03-28,5.372346120650587,3.3384121511708953,4.794367580870313,0.3112349370847931
2022-03-29,5.405096408397564,3.353779461646349,4.824457329634457,1.0649259680195462
2022-03-30,5.386647523579117,3.3194880858743265,4.8119453029384625,0.797632672821463
2022-03-31,5.3768654745403905,3.3047903773703156,4.804707864844878,0.6702043602500111
2022-04-01,5.397351378201954,3.283529543227739,4.828874651907229,1.3136291842587389
2022-04-04,5.40342924747801,3.3074987248715773,4.830802742192883,1.3715196131060778
2022-04-05,5.396157856265917,3.25385581246193,4.832818536259341,1.415302379089025
2022-04-06,5.364342061719979,3.193286530089794,4.811489087855149,0.8600352492310951
2022-04-07,5.3511973036211975,3.1850997294002137,4.79976170870593,0.5642349894820672
2022-04-08,5.355029963320702,3.1390713039545264,4.811563259280144,0.8787791009794463
2022-04-11,5.344699266732788,3.0856791976320634,4.810476325969699,0.8333242956531132
2022-04-12,5.328976714220647,3.0666556915301433,4.79804730876129,0.48363991728245276
2022-04-13,5.33778358401936,3.098643751658807,4.801316092953321,0.5348564869514397
2022-04-14,5.335530341737116,3.055150004974514,4.8065929131857805,0.6310158028010531
2022-04-18,5.337314748255542,3.0795465815288847,4.804153545929723,0.5191877428184459
2022-04-19,5.349113138815515,3.098418986920797,4.812684561217672,0.7106689311889148
2022-04-20,5.35875592153765,3.0656321991598094,4.828003713080609,1.159184010139393
2022-04-21,5.3525842170995315,3.0032573709100077,4.832630948533186,1.2649769351315494
2022-04-22,5.313579787082111,2.969599940599951,4.799453621803939,0.028730044186356586
2022-04-25,5.3220939579422,2.989236920145497,4.804568046841916,0.14834005872259845
2022-04-26,5.279026967659624,2.931634939258878,4.771473674466815,-1.6511515769978167
2022-04-27,5.34171458237675,2.911582433723879,4.837632974926515,1.8062203762024662
2022-04-28,5.371847779368347,2.9831891267448665,4.855368921370048,2.4440079805286476
2022-04-29,5.337127034963195,2.918724775955477,4.831808875419719,1.1626268473852293
2022-05-02,5.3295914587513815,2.9705219560050877,4.8153056651548996,0.289033486582279
2022-05-03,5.315451384043432,2.974048250314072,4.800555083911732,-0.50404670048905
2022-05-04,5.3436277108396855,3.0107110441384553,4.822383989515114,0.5974898372681068
2022-05-05,5.299404574395608,2.934611063490292,4.79133602548853,-1.0783947989566665
2022-05-06,5.287543594953938,2.9256024871359134,4.781034698831186,-1.6476548100979962
2022-05-09,5.237914811747701,2.8286847085339897,4.748185268688183,-2.9018424342321554
2022-05-10,5.2409155902911015,2.866031338781726,4.744720233593585,-2.620719266024179
2022-05-11,5.25700585836548,2.809624796381599,4.7705761535809685,-1.4392424225459255
2022-05-12,5.244836220416504,2.781883413731578,4.763209374928416,-1.5922155903475699
2022-05-13,5.271592647979869,2.8723200370030435,4.774308530383313,-1.106328334405846
2022-05-16,5.264439702484404,2.847040060369956,4.771532301517922,-1.1296413371871423
2022-05-17,5.295252677624092,2.8985737488864243,4.7934232608340706,-0.28062806475226365
2022-05-18,5.2754000517258754,2.8279762116609066,4.785793170569562,-0.5198861428632909
2022-05-19,5.262212704106646,2.838897438623936,4.770715033399232,-1.0314068542273702
2022-05-20,5.270588269075042,2.813466066485536,4.7834935260672555,-0.5244634612049928
2022-05-23,5.312553170902309,2.82561179025762,4.8233556414881456,0.9519695072562804
2022-05-24,5.288514377439639,2.7805842263946823,4.807112459960999,0.3515905358319601
2022-05-25,5.294468109745371,2.8301586082401458,4.804483390763477,0.24519302295901438
2022-05-26,5.317311699421821,2.8804759502961605,4.818615550403657,0.7433779860313418
2022-05-27,5.337861249709964,2.93285852395535,4.830096117575724,1.1146462440269798
2022-05-31,5.334520507442896,2.925441767792207,4.828039436623727,0.9940643449274619
2022-06-01,5.323906793676883,2.9064099898386813,4.820720690265241,0.7203440281536517
2022-06-02,5.348003328914701,2.973537830167559,4.833195397707387,1.1472404073161606
2022-06-03,5.336780355214698,2.928009162248098,4.829854791974742,1.0370255441618383
2022-06-06,5.33814318634003,2.9315285759140677,4.830608307809023,1.0082173842594777
2022-06-07,5.345442501351873,2.938953181844768,4.836622202477316,1.151243922908612
2022-06-08,5.3407696232653175,2.9243670160452893,4.834474623972724,1.0093426410006485
2022-06-09,5.305542787127862,2.891663258213027,4.804909782023311,0.047787717299571306
2022-06-10,5.272997132804594,2.8303109761091405,4.782986034408044,-0.6611046936141441
2022-06-13,5.2359813335164445,2.748907351254499,4.760063626257895,-1.3916735869408918
2022-06-14,5.242513697253533,2.760913844005272,4.764517308623799,-1.1498078125925444
2022-06-15,5.2560633588744325,2.8036234448166315,4.770672666727414,-0.884543790435569
2022-06-16,5.2191443685089,2.7459630609640553,4.743736405561628,-1.6695142735307953
2022-06-17,5.224209441344434,2.763688465309421,4.7457326831566,-1.4888675199407329
2022-06-21,5.246999256242993,2.8059803016648797,4.761200522003525,-0.9548479365536302
2022-06-22,5.24406253782327,2.793467141726015,4.760430204130531,-1.0084284510744992
2022-06-23,5.258507344043917,2.785181287925753,4.776309538343364,-0.5495191242219002
2022-06-24,5.302627370542483,2.8392257089052,4.811072866475608,0.5735029442149547
2022-06-27,5.2930934796657825,2.824105693802034,4.8041567003899335,0.2999813295857144
2022-06-28,5.26600580509261,2.7700911515211457,4.786420551290767,-0.3244317889122737
2022-06-29,5.272946894792219,2.7421740316745375,4.798194925627851,0.052294995127190644
2022-06-30,5.259778006914078,2.717222471744431,4.7893458956703645,-0.2523270376959678
2022-07-01,5.271341628215662,2.6743615920930797,4.808330011360545,0.38497547482491834
2022-07-05,5.278146421919637,2.7042753724820274,4.809955839039475,0.401178210255162
2022-07-06,5.281034474648271,2.7153075854245508,4.810933887239511,0.4043178449852604
2022-07-07,5.289352974515726,2.7623021169724606,4.811116234501544,0.42936603425338077
2022-07-08,5.29314263901598,2.7610401741617356,4.815124378874864,0.5610277855640199
2022-07-11,5.300435406950183,2.716760528216767,4.830083271884811,1.0439356723498858
2022-07-12,5.299264336243558,2.7121300148139764,4.829713880915075,1.0069285186186892
2022-07-13,5.295987766096731,2.7175522108406525,4.825498567197955,0.8708579592354851
2022-07-14,5.304571875153738,2.7311756997037944,4.831724044712996,1.0783181936055644
2022-07-15,5.324430716388152,2.756229948544254,4.84724524951896,1.5308909632133731
2022-07-18,5.310865641201839,2.7775092386022298,4.829996095663404,0.9611144543020816
2022-07-19,5.341518632847228,2.8313708318480058,4.851324041866602,1.6019791439184552
2022-07-20,5.340160543585458,2.8782195084352917,4.841855051835717,1.2642193555268166
2022-07-21,5.353290421002774,2.8917738413646585,4.852638270662222,1.5564541122844695
2022-07-22,5.341705742826028,2.850432114363725,4.8482110763197035,1.3790404788201154
2022-07-25,5.34436970192581,2.833252275649877,4.853849377005801,1.4454675379405388
2022-07-26,5.336027713386647,2.803986604317489,4.850574147517479,1.2547417139752544
2022-07-27,5.326475898654329,2.8772647662201423,4.828335701208103,0.5594446607118518
2022-07-28,5.330648237515056,2.888110478493437,4.8306303243588635,0.5778183867643576
2022-07-29,5.33423769465406,2.898014785283087,4.832505051106113,0.5854990381460019
2022-08-01,5.330695584976924,2.9132045433595963,4.826333142052769,0.33478774347122964
2022-08-02,5.306270201602139,2.9178032080336505,4.801111592904289,-0.66986406166189
2022-08-03,5.316975827932108,2.937419550764722,4.808421046259163,-0.49149618619481333
2022-08-04,5.340629144344584,2.95431926344298,4.829148519242433,0.32670113056591094
2022-08-05,5.351809173982805,2.942487766485759,4.842376933269727,0.9269281868013343
2022-08-08,5.3399262340197415,2.877433095388227,4.841756893782762,0.8382929631197665
2022-08-09,5.3254774420453534,2.836887432589693,4.834327763227502,0.4095042190167146
2022-08-10,5.334190735425997,2.894373833434556,4.833088449047127,0.2854636570325166
2022-08-11,5.331139626077184,2.8857722213804835,4.831526534845482,0.13925254723096286
2022-08-12,5.332323239665999,2.9276326299145112,4.825462865383695,-0.33969123759554704
2022-08-15,5.356123293586105,2.944749527608119,4.846299474682067,1.0196952648060478
2022-08-16,5.3594446480852715,2.936678257737806,4.851018206306218,1.2705887063975245
2022-08-17,5.347305294131606,2.907439829266529,4.843940894853017,0.7173355524886093
2022-08-18,5.3507024985933045,2.931047664272108,4.843250880185972,0.6163642940791099
2022-08-19,5.339349153513443,2.8805755787335374,4.840635755846476,0.3646652354735652
2022-08-22,5.319368788922403,2.8338392073024252,4.828746848658294,-0.5856205983752291
2022-08-23,5.3106545090353325,2.842432354265583,4.818544839183328,-1.3354231237429497
2022-08-24,5.310025670931296,2.8448157197438046,4.817503369553738,-1.3641060068128767
2022-08-25,5.325152472636477,2.8841547548649813,4.825819413016343,-0.7102376810509331
2022-08-26,5.291566342839017,2.787336256150037,4.808995447977766,-1.799950836517876
2022-08-29,5.288802332174959,2.758701173970389,4.811189022607326,-1.5304987274037043
2022-08-30,5.284096163199478,2.737401506729646,4.810170460198126,-1.487189312563607
2022-08-31,5.270748742621369,2.712925307105542,4.801060598518534,-1.8981250867340687
2022-09-01,5.277869632228242,2.6331751709030056,4.821988611147486,-0.503033287148363
2022-09-02,5.26595647546335,2.612147862211129,4.8137159075749825,-0.9865140087092634
2022-09-06,5.270396623961981,2.598721673026081,4.8204805291669865,-0.4815564787175028
2022-09-07,5.279317511426456,2.617342425646222,4.82617760994683,-0.022870649104500367
2022-09-08,5.280763374946047,2.637267930850497,4.824173775262349,-0.16142813417206117
2022-09-09,5.302887519653824,2.6652501986935215,4.8414533562747835,1.0746286396281461
2022-09-12,5.309832236137731,2.6734185261314307,4.846983892079006,1.3959171628079614
2022-09-13,5.275568340501068,2.5739010000208085,4.82994944320307,0.18599402715948918
2022-09-14,5.274265314898492,2.573672459563299,4.828685984758152,0.03430894343459804
2022-09-15,5.2537973463098995,2.5583979892733373,4.810862481752101,-1.3240196475530746
2022-09-16,5.243145808169316,2.578990375114052,4.796645788513865,-2.1255316673052604
2022-09-19,5.242265921435565,2.5928356851857406,4.793368866382543,-2.098267677354812
2022-09-20,5.236762264934294,2.5773220569248676,4.790551080829162,-2.043233321193303
2022-09-21,5.210117983910485,2.5837525180837257,4.762793495521037,-2.991103900765322
2022-09-22,5.203519293143671,2.52952194722086,4.76558373120771,-2.4414727459204117
2022-09-23,5.193620726884189,2.525933014902655,4.7563065159877995,-2.450821724080679
2022-09-26,5.1751317896258,2.5026534744776994,4.74184796029175,-2.5640652471186125
2022-09-27,5.159955162770535,2.5176695232575,4.724071608311481,-2.691784456381264
2022-09-28,5.167293465094038,2.5433578250496827,4.726962500762577,-2.2961267062711017
2022-09-29,5.17219255935749,2.5019990707308284,4.739022026795952,-1.7756998243942985
2022-09-30,5.158717619575621,2.4953484018718015,4.726698515807666,-1.9214529488652559
2022-10-03,5.180984116045165,2.5256132812088765,4.743725260570778,-1.3634610715185256
2022-10-04,5.202765427786042,2.576638839199517,4.7566725290109915,-0.9543296486024674
2022-10-05,5.213587348569011,2.579823563912548,4.766943079125545,-0.6376982036100022
2022-10-06,5.2024424444821085,2.573824801434459,4.756836739428111,-0.8483508975685162
2022-10-07,5.192913871044064,2.4901451074307728,4.761795612464447,-0.667272603491202
2022-10-10,5.183897485517533,2.4559466639057246,4.758699995721492,-0.7031822720651988
2022-10-11,5.16707017606486,2.4487227535335845,4.743123360235762,-1.0447197152918484
2022-10-12,5.162033339848724,2.44127220602576,4.73937643562255,-1.0686982516417731
2022-10-13,5.197418639965782,2.4804929351439227,4.767971459788543,-0.2989342065516246
2022-10-14,5.18630986619717,2.4172467392843773,4.76781248558759,-0.26151778328903713
2022-10-17,5.200608690396224,2.4744547043026923,4.772206907757227,-0.10959930108959996
2022-10-18,5.2109197011358415,2.4810779567019057,4.781371236308742,0.17800606870984217
2022-10-19,5.206850917760339,2.4880728376416403,4.776091430780069,0.08078977485070797
2022-10-20,5.211186936173894,2.499869119985743,4.778385161502545,0.19842622732106177
2022-10-21,5.227871784591408,2.521929934430992,4.791250626110617,0.6839518270607997
2022-10-24,5.2296564276188375,2.5325426866918543,4.791197885742281,0.8302923607760221
2022-10-25,5.248717487440896,2.5837525180837257,4.801392999051448,1.3170727116767036
2022-10-26,5.293732746020183,2.555842238486698,4.851240358017349,2.972830426544127
2022-10-27,5.298442785928791,2.5773220569248676,4.852231601823659,2.669336794726183
2022-10-28,5.322862069596101,2.626054412140647,4.868213863867443,2.707859014039025
2022-10-31,5.3123938517109375,2.601392483153747,4.862015360163321,2.250190095049935
2022-11-01,5.311282876639368,2.604794876285983,4.8603153295392065,1.9952219218027807
2022-11-02,5.281958394124759,2.580580156844368,4.83518313591833,1.301557824531888
2022-11-03,5.250618998120442,2.59574570020501,4.801218132826079,0.4885472277867623
2022-11-04,5.262004573393796,2.6490636626488873,4.803372781334874,0.5024499067960444
2022-11-07,5.277719643278549,2.6592544865328533,4.817323516188212,0.7694911777999163
2022-11-08,5.286080554516785,2.680083640245373,4.822078280760765,0.8230265119782575
2022-11-09,5.2486323395227945,2.6218531037584474,4.794711505363001,0.12542498411233952
2022-11-10,5.30692167678892,2.7557654963961102,4.829816620414966,0.9268959738532194
2022-11-11,5.304145078959426,2.7917454052743156,4.820810829108699,0.6515993997429248
2022-11-14,5.3131771898775755,2.789783326794931,4.83018263422969,0.838106841003621
2022-11-15,5.328194848924779,2.812295860614486,4.841302703394465,1.0611440677345063
2022-11-16,5.328908936793405,2.76587303805235,4.850053964021263,1.2067737949859196
2022-11-17,5.332945732785708,2.7511197290610783,4.856644997058478,1.2902367174666731
2022-11-18,5.33204482063146,2.733876903244282,4.858729331433416,1.256983598213982
2022-11-21,5.3105633211189796,2.7278884939351675,4.838284603868604,0.668549745482908
2022-11-22,5.329812677259607,2.7738860694840053,4.849570410170178,0.9247117404802743
2022-11-23,5.336446774464596,2.8034362095892327,4.8510884983101,0.9333555677294559
2022-11-25,5.346129181894089,2.7882481842424234,4.8634004051287,1.2400241203295481
2022-11-28,5.334224593398431,2.7606425571206845,4.856275172605595,0.9631283915548421
2022-11-29,5.323756339142893,2.748692858253418,4.84787576700905,0.6386417128912409
2022-11-30,5.361032302708853,2.827854620842285,4.871446472543435,1.3721110917938246
2022-12-01,5.361032302708853,2.840304014689837,4.869291111805656,1.244071602179954
2022-12-02,5.364069274006806,2.825073399544288,4.874964956054929,1.402070732055626
2022-12-05,5.345614543161077,2.809185877557988,4.859260828293109,0.7462040504186237
2022-12-06,5.323851984142048,2.7709568467925583,4.844116852713895,0.06055758815050037
2022-12-07,5.317759178073484,2.7792417848337636,4.836589677198302,-0.3446020747485883
2022-12-08,5.323947694357469,2.8422863808334893,4.831863296852709,-0.5348060587811592
2022-12-09,5.322032790478817,2.8324529204788136,4.831650857738568,-0.511821083520935
2022-12-12,5.34986426036833,2.863379907981064,4.854127945284941,0.5735603829096717
2022-12-13,5.342615003472592,2.89354489082206,4.841656231740518,0.01048670689866571
2022-12-14,5.343928436640933,2.871275401212735,4.846825176602205,0.2871806571915735
2022-12-15,5.318240261772584,2.8295666965417605,4.8283580203289995,-0.6074314437277616
2022-12-16,5.313322104462031,2.806835075018471,4.827375383505412,-0.7427947927550071
2022-12-19,5.303266494648327,2.7875197183165303,4.820663837023734,-1.181023681643001
2022-12-20,5.3058994809300115,2.7770682153666124,4.825106289644494,-0.9683879426669222
2022-12-21,5.312935418395104,2.802601893346794,4.8277215872227375,-0.8420790526898297
2022-12-22,5.304437516183065,2.729579494444205,4.831866036397471,-0.780181192833692
2022-12-23,5.308185734705064,2.720871002919294,4.837121954085221,-0.460320446631607
2022-12-27,5.310417930789216,2.6468439986799153,4.85217042865062,0.47651923791831136
2022-12-28,5.304096229967579,2.640806404538463,4.846894015135536,0.08001640469644429
2022-12-29,5.318961491014073,2.6804079450284224,4.854903070444399,0.602472065420275
2022-12-30,5.317518511984022,2.6811609383429564,4.853329725852312,0.48461990179352143
2023-01-03,5.3157361103749485,2.660488872974039,4.855126274239565,0.6135369244484967
2023-01-04,5.340594624900224,2.6903561927641153,4.874813866452757,1.8416627191442374
2023-01-05,5.333514439960355,2.656989977631807,4.87351036678328,1.6084747115863054
2023-01-06,5.364482676539763,2.6977865277053628,4.897415505886447,2.6192222759654773
2023-01-09,5.368378667305246,2.748245229100493,4.8925755931052874,2.0932533220451597
2023-01-10,5.379704736727243,2.7660659396289544,4.900816366948824,2.2325793703742494
2023-01-11,5.3842627942475305,2.771832053095676,4.9043761385503,2.1279225661009105
2023-01-12,5.391083168923726,2.8032077813731933,4.905764440494547,1.9580679607241893
2023-01-13,5.38857573102232,2.826435382002487,4.899235613355863,1.5993466177135427
2023-01-17,5.388306755974583,2.872858606747224,4.890929395920171,1.23074743965339
2023-01-18,5.372305026811951,2.8543285929139697,4.878135763856543,0.7555451460127607
2023-01-19,5.376624442719885,2.8184742077174754,4.888662641354659,1.0814835712861246
2023-01-20,5.394164026289338,2.8805679812109077,4.895451943979743,1.2343089484924563
2023-01-23,5.393584335302478,2.9537265656000526,4.882206323843662,0.7198809002423292
2023-01-24,5.392289773937461,2.9574709312950445,4.880263501293747,0.6031340474077015
2023-01-25,5.396790748266228,2.960476870833658,4.884244057990861,0.6923023839283078
2023-01-26,5.395945719128772,2.984963784690782,4.879159615002151,0.4781348437338902
2023-01-27,5.425455782276614,3.012998541027986,4.903816027133539,1.2714659773956651
2023-01-30,5.415293666833187,2.952110149495502,4.90419550512853,1.1976238953978489
2023-01-31,5.420126912200575,2.9714910976135345,4.905673331336875,1.1751895518910118
2023-02-01,5.423119708696305,3.0409853238814772,4.896634608175148,0.80210033100963
2023-02-02,5.417299430803596,3.0769078032751915,4.884595079559313,0.30419154312688157
2023-02-03,5.419779403823335,3.0484540096655737,4.892001251423592,0.5483621077063754
2023-02-06,5.41677651093948,3.047932496607127,4.889088647977453,0.3694918839473228
2023-02-07,5.424937044065579,3.0980563483316215,4.888571250004564,0.2851231791017659
2023-02-08,5.4200835478042775,3.0994983772565594,4.883468095602022,-0.06552148961992024
2023-02-09,5.4183409999984224,3.105425440261607,4.880699396720231,-0.299641289990671
2023-02-10,5.408922330501891,3.0562434353495225,4.879795596597328,-0.4722018387777294
2023-02-13,5.416289593291033,3.080540168178071,4.882956371533629,-0.34935764548787435
2023-02-14,5.4185152900039,3.1334134572827987,4.876028127676452,-1.0443385842772215
2023-02-15,5.416464308964094,3.1243611430855673,4.875544371743802,-1.3082297759491042
2023-02-16,5.4028742146250055,3.0903142747041663,4.867848804017992,-1.956409144478444
2023-02-17,5.392771578198511,3.0620109572527197,4.862646314532848,-2.2615930943044775
2023-02-21,5.379533467182359,3.02713840404841,4.855445680756397,-2.476433730119629
2023-02-22,5.376810106552208,3.031919888681429,4.851894502774454,-2.3751451683802847
2023-02-23,5.381842608359869,3.163135804118876,4.8342096228550355,-2.9398596424382033
2023-02-24,5.374671757486446,3.1470332689638014,4.829826600246744,-2.7019717350954306
2023-02-27,5.378308967709828,3.1562238694001667,4.831872643897703,-2.2921753240364406
2023-02-28,5.376446435488145,3.144022652777463,4.832122505547058,-2.0404688224266265
2023-03-01,5.36923685787991,3.1214577579156377,4.828819583076643,-1.963968186025607
2023-03-02,5.372437300430928,3.148234982147571,4.827384090859836,-1.8330577457247534
2023-03-03,5.393710495238002,3.172640933550814,4.844431888826964,-1.0666486508183328
2023-03-06,5.406939852030175,3.158476673923413,4.8601135006810665,-0.39627882140274007
2023-03-07,5.391025453349259,3.1472890857960834,4.846136006599312,-0.9066939889851526
2023-03-08,5.386624684347644,3.1849180508668558,4.835220543395717,-1.254138425467616
2023-03-09,5.376764681352937,3.1536240774400084,4.830778458934176,-1.3260312527331106
2023-03-10,5.359017956296849,3.133322042076447,4.816546620663377,-1.7047571280292912
2023-03-13,5.351261633450748,3.133365589998823,4.808782758375336,-1.829858964330782
2023-03-14,5.37060971025306,3.180026069512895,4.820052516925202,-1.3451500664104972
2023-03-15,5.360081690793805,3.1868597174410955,4.808341389547553,-1.6605075656120702
2023-03-16,5.365060639271546,3.2396358567099504,4.8041832169843355,-1.6847059915406468
2023-03-17,5.364784620927528,3.2468141054098183,4.802664430068356,-1.6062435608977097
2023-03-20,5.368274596296998,3.2535936555411658,4.8049806634587515,-1.4314710991953767
2023-03-21,5.385543869322237,3.2650719757532207,4.820262697504834,-0.834718954902095
2023-03-22,5.376901021288883,3.275287122494211,4.809851303429336,-1.1516818770516344
2023-03-23,5.388423125495285,3.302236831178027,4.8167076106738165,-0.8397143857888096
2023-03-24,5.381435339053486,3.2869687553969245,4.812363182734688,-0.9534561550469668
2023-03-27,5.384912842345144,3.2776646202376467,4.817451508839638,-0.6980892108757086
2023-03-28,5.378218110456793,3.2730935346603167,4.811548167962211,-0.909370095121611
2023-03-29,5.391607880136054,3.2945948348982212,4.8212154224000505,-0.41534325059117144
2023-03-30,5.387389340301608,3.309273110532884,4.8144556360287325,-0.7104547957928485
2023-03-31,5.40123445452001,3.323559040592526,4.825827430410822,-0.02234621516755419
2023-04-03,5.416813716528658,3.330304485664088,4.840238855041673,0.9438981369820671
2023-04-04,5.410945059953841,3.31182615565647,4.8375693475568315,0.8588769148317699
2023-04-05,5.413182738501891,3.2907704980850427,4.843452387332368,1.3163274176792878
2023-04-06,5.403582601787922,3.2965570898662553,4.832850419293637,0.5811888690025568
2023-04-10,5.4055276032169655,3.316405358487684,4.831359094470706,0.472649435050477
2023-04-11,5.414409044822709,3.3014273316773624,4.842833678466487,1.2199641468212807
2023-04-12,5.411603680569904,3.2763068040639918,4.8443774254710785,1.265237682960955
2023-04-13,5.432798853954188,3.2750982505420176,4.865781835452957,2.340859369249266
2023-04-14,5.438498307089932,3.2861842442007902,4.869561973016876,2.2479014702413127
2023-04-17,5.436188085545824,3.2952617410026663,4.865680166506973,1.8941888868041445
2023-04-18,5.436702084554062,3.319591084674478,4.86198203175446,1.6923194584986723
2023-04-19,5.43228297770648,3.3290878873730585,4.855918745606134,1.3410580529695848
2023-04-20,5.440973688999833,3.2990320749612376,4.869813012896491,1.8556853091097423
2023-04-21,5.438626485324296,3.299585260161865,4.867370036392432,1.604712842062689
2023-04-24,5.433099597793991,3.2967419523928365,4.862335410092339,1.2826167023533903
2023-04-25,5.419386960610632,3.266673821034438,4.853828461682415,0.8512997851748728
2023-04-26,5.413094995307799,3.293556611360892,4.842882284977717,0.33755794800402705
2023-04-27,5.416857426244783,3.3035231119907764,4.84491921791747,0.3825853162162421
2023-04-28,5.43297070912585,3.3225505407861573,4.857738286359774,0.9047864001118294
2023-05-01,5.432024906377456,3.3635383401070165,4.84969627519626,0.4805316834964711
2023-05-02,5.40795363262285,3.3390273371053683,4.829868585841044,-0.5516512870541812
2023-05-03,5.40353817060339,3.3244587507885894,4.827975379871689,-0.6693959118146428
2023-05-04,5.401855131306064,3.315788765086701,4.827793373235695,-0.7376246602297257
2023-05-05,5.42888039538173,3.3555507984060275,4.847934645486523,0.29844082554903817
2023-05-08,5.43082002624401,3.3718399751547534,4.847054134866827,0.195365110787977
2023-05-09,5.435245388874295,3.351742886690157,4.854958901872191,0.6063469601483814
2023-05-10,5.426677607294587,3.3626731930505502,4.844498758827372,-0.10240248173868033
2023-05-11,5.427500357917045,3.3519878180336264,4.847171466006908,0.017054232515130205
2023-05-12,5.429100856054378,3.3436250323882257,4.850219811329356,0.1600613898036439
2023-05-15,5.435262154504753,3.3650246259820444,4.852676202986569,0.2939389277289623
2023-05-16,5.425160190254344,3.373964589075383,4.841026464950181,-0.6434736475561867
2023-05-17,5.4345745996362504,3.4064638569375707,4.844814283446259,-0.3633199490297238
2023-05-18,5.438649758554238,3.4549731376668174,4.840491041576062,-0.7036426195594415
2023-05-19,5.437407431174888,3.4418179398798556,4.841526270610697,-0.6591148455434146
2023-05-22,5.428668525242601,3.438999317462793,4.833275352139226,-1.3597274109573145
2023-05-23,5.399271352371062,3.4232224783223533,4.806609619855555,-2.9247189704722976
2023-05-24,5.3888422642566685,3.418322599370066,4.79702884667464,-2.9142343822070558
2023-05-25,5.393913677066118,3.6364103411912776,4.764342778126495,-3.5308522337155206
2023-05-26,5.4011841366726205,3.6615268327214823,4.7672648252417655,-2.8190343191166116
2023-05-30,5.386093926936971,3.6910014153333135,4.747071687692771,-2.926517657068525
2023-05-31,5.383337945362591,3.6325589239966916,4.75443384140975,-2.3340818195663346
2023-06-01,5.407784330247378,3.682463672331778,4.770240228515743,-1.696897711005476
2023-06-02,5.417844011983892,3.6712621603957625,4.782239225477262,-1.2636983568624447
2023-06-05,5.4089757438870105,3.66728762185911,4.774059068337235,-1.3922042859045876
2023-06-06,5.415349523577416,3.6540009615428253,4.782733164519559,-1.0742105446075274
2023-06-07,5.4023390881665305,3.6231281413639715,4.77506773347538,-1.2029533546555335
2023-06-08,5.392435402037371,3.650372345842221,4.760447264394095,-1.4846544189042858
2023-06-09,5.39471934070855,3.6571009268829564,4.7615662853533145,-1.3492386064268043
2023-06-12,5.406326296192751,3.675299078027312,4.7700225990506935,-1.0549363160749539
2023-06-13,5.394003258123584,3.713562762521352,4.751074977949524,-1.443628509755038
2023-06-14,5.39418232684815,3.7605845179979522,4.743113180796058,-1.5194240586511552
2023-06-15,5.406326296192751,3.7525519024579954,4.756647835050183,-1.102692571640591
2023-06-16,5.418368403972278,3.7534657472331956,4.768531729090711,-0.758044270916478
2023-06-20,5.40765186329015,3.779270641034551,4.753347592988028,-1.060954016040336
2023-06-21,5.411090177737557,3.7617002482315685,4.759827865562766,-0.8418716075080127
2023-06-22,5.4160940274011145,3.761235600619924,4.764912159562113,-0.6622376884343035
2023-06-23,5.421160346536718,3.7420876181456886,4.7732935645676005,-0.3940997377159162
2023-06-26,5.40690097682403,3.7040101296473416,4.765626541816343,-0.5513863966216511
2023-06-27,5.411486094255725,3.7341670489202907,4.764990598643062,-0.5190656077797151
2023-06-28,5.41420964558105,3.715875999876996,4.770880875147417,-0.2835275924010436
2023-06-29,5.441727127516039,3.7086753308691307,4.799645007277214,0.7514796963393928
2023-06-30,5.455122861865965,3.7442885080068105,4.806875040333562,1.1407412734502371
2023-07-03,5.457183951058025,3.7469092313027965,4.808482404294826,1.350814079616951
2023-07-05,5.463384027434505,3.7446432174275595,4.815074795140409,1.8170155965687065
2023-07-06,5.46100078752123,3.7395732465170464,4.813569318142823,1.9134843572728337
2023-07-07,5.450776269273007,3.749028965955742,4.801707733329337,1.3598945374463056
2023-07-10,5.457982121476333,3.74140032723783,4.8102343300264625,1.7043459800092866
2023-07-11,5.467967489596439,3.7467205028035715,4.8192986173555745,1.9188820088067229
2023-07-12,5.474844427149676,3.781414061223505,4.820169066995597,1.775448585880208
2023-07-13,5.4793758426661405,3.8275956228075847,4.81670507921239,1.514360717660335
2023-07-14,5.478759118573433,3.8164850012118965,4.818011934520649,1.4545724200349872
2023-07-17,5.482166559419093,3.838067398281371,4.8176828198488,1.337610621494865
2023-07-18,5.46888158923902,3.8600576970239175,4.800590674226926,0.6261143195432546
2023-07-19,5.471577569103944,3.8512387400939114,4.804813478108173,0.7478346912899274
2023-07-20,5.4640937563628595,3.817605927970904,4.803152506514111,0.6507838904909168
2023-07-21,5.4625484677486,3.7906420533812173,4.806275467401849,0.727888549829138
2023-07-24,5.468756973856965,3.7974572637784547,4.811304057677381,0.8632734958982026
2023-07-25,5.460205023837385,3.8210928828489523,4.7986600782801885,0.3262994210289069
2023-07-26,5.4535213723966205,3.8161110515765557,4.792838930159525,0.06439412779473944
2023-07-27,5.442239212998782,3.8259193085242704,4.779858669457316,-0.5212810980392942
2023-07-28,5.4478112240964025,3.844268543953768,4.782253881580039,-0.5140189392772957
2023-07-31,5.456174982063246,3.843819083502885,4.790695454532967,-0.19006552623195924
2023-08-01,5.464761124712911,3.839056982602087,4.800106058633255,0.21835313173721374
2023-08-02,5.455459673821101,3.7897388978687614,4.799343036583711,0.11395118220939458
2023-08-03,5.460498222395345,3.795280430578202,4.803422180854797,0.27596854781256397
2023-08-04,5.461461169436314,3.798980180138181,4.8037445910922205,0.23603569656480608
2023-08-07,5.4719502518841425,3.8153407146660308,4.811401177901931,0.665101311806453
2023-08-08,5.4627156096566765,3.798622186171896,4.805061010726901,0.18226699156138032
2023-08-09,5.464677921825465,3.750228067720028,4.81540178566487,0.936085169897411
2023-08-10,5.468223403288417,3.746319617826397,4.819623936172874,1.3166220212119664
2023-08-11,5.467723618561472,3.709483482411193,4.825501583229168,1.7110982913974366
2023-08-14,5.4795678187048615,3.7780143784096887,4.825481044866514,1.5776301326844124
2023-08-15,5.466848426024312,3.782279421619098,4.812023246220898,0.3953976667161328
2023-08-16,5.464594259768572,3.771893266237018,4.81156723269461,0.3679582355004267
2023-08-17,5.456538143221253,3.7686224283859517,4.804077395563796,-0.25898232139670213
2023-08-18,5.45990278169097,3.7675836868489543,4.807621871120601,0.03440198191188315
2023-08-21,5.465304486360183,3.8488994983108635,4.798945387764611,-0.690498762835916
2023-08-22,5.469929236715791,3.8208521274356917,4.808425973088775,0.17242661524590452
2023-08-23,5.477094772853042,3.852066905142282,4.810187301829977,0.36815172109556776
2023-08-24,5.4653462562855655,3.8530639422097344,4.798266168460781,-0.6710797631313555
2023-08-25,5.478208425891294,3.8284868893142185,4.815383357669069,0.9232163174770153
2023-08-28,5.483389285473656,3.8460849865701134,4.817517462658441,1.1228878478806026
2023-08-29,5.489562951855379,3.8868566001195126,4.816632348818704,0.977303640937534
2023-08-30,5.493184196845606,3.8966478427032607,4.818558438197541,1.0885271013453213
2023-08-31,5.49094790990084,3.8984933225342084,4.8160026437475345,0.8119474252863401
2023-09-01,5.500790247910404,3.881203578458182,4.828838351233881,1.777210008584673
2023-09-05,5.489562951855379,3.8820072269932298,4.817471919689962,0.7998250847832546
2023-09-06,5.492899800140995,3.8509812119137887,4.826180294940733,1.4086380016441953
2023-09-07,5.49687307425851,3.833403469999377,4.833196799535577,1.8087137637478208
2023-09-08,5.497479793742098,3.8188300361811263,4.836326614316102,1.977043672815864
2023-09-11,5.497196678777838,3.8101469447689094,4.837546801001835,2.0033937285540206
2023-09-12,5.497520178611157,3.8033059480323144,4.839054681051081,1.9886874002571056
2023-09-13,5.499661115654516,3.8169192252203965,4.838838754497465,1.8047165976377109
2023-09-14,5.473787515746136,3.819027656845723,4.812600122299227,-0.3854408392955345
2023-09-15,5.472005404833868,3.7814509225253845,4.817323662890943,-0.026237119707614314
2023-09-18,5.486787584064347,3.782953254793086,4.831845743676103,1.1523808611089104
2023-09-19,5.482281390384261,3.772757167237358,4.829104796325733,0.8578954966242371
2023-09-20,5.475277068048022,3.74288060866842,4.827272995809269,0.6486619434638389
2023-09-21,5.453331321107353,3.713523125732042,4.81040990324165,-0.8116573949388874
2023-09-22,5.4468439144312955,3.7278771843571348,4.8014373816461715,-1.4791142625784577
2023-09-25,5.439500417810082,3.7424780002848506,4.79156604906961,-2.048468159703906
2023-09-26,5.423474473286387,3.735084911495668,4.77682006833389,-2.665199631320237
2023-09-27,5.422821202276874,3.748287390095135,4.773881055194029,-2.4626234518590686
2023-09-28,5.4321888864881105,3.762804283593434,4.7807354329211185,-1.8654397031677727
2023-09-29,5.425040826679812,3.7722746432830414,4.771947771884231,-2.1174218514087024
2023-10-02,5.430504023404573,3.801342884770486,4.772378390542501,-1.9014863466140686
2023-10-03,5.4198100115684955,3.7726881492678843,4.766645366575394,-1.984637943865508
2023-10-04,5.4302877498663085,3.7846576917537904,4.775050820693012,-1.4934106754002396
2023-10-05,5.440014505322383,3.7992416312565753,4.782252662005364,-1.1165285943943528
2023-10-06,5.446673769432423,3.822990739050432,4.784800248460816,-0.976445435521448
2023-10-09,5.444117850638444,3.8122474338787877,4.7841043156584835,-0.9479575118923683
2023-10-10,5.453289046281316,3.823777040965339,4.791279393037232,-0.6155005008463512
2023-10-11,5.449393015168921,3.845548040280004,4.783614153743326,-0.8744712673710383
2023-10-12,5.454049523974747,3.8485131705062297,4.787757310224511,-0.6635822039025555
2023-10-13,5.457801307244642,3.816391317036294,4.797070342711966,-0.2632361764364858
2023-10-16,5.467848620360829,3.83024112809264,4.8047198411761265,0.08018438629072377
2023-10-17,5.472544525023186,3.7823162510370514,4.817712968950981,0.6152720278310582
2023-10-18,5.456959310105868,3.741862070914609,4.809131577077794,0.28947318440717695
2023-10-19,5.44142691783309,3.739608147463405,4.793989406061744,-0.2981113232401169
2023-10-20,5.439586139498312,3.7225033939914094,4.795109969822362,-0.19892870117557554
2023-10-23,5.431627491790074,3.76015514127215,4.780632683633293,-0.7987054998688174
2023-10-24,5.445013089736352,3.7760376067033676,4.791268553935899,-0.2409086605870967
2023-10-25,5.454345054793036,3.731930407970127,4.808236788321609,0.723296344940026
2023-10-26,5.4305472056557385,3.6965330812718658,4.7905672703401905,-0.20701032649979406
2023-10-27,5.421818411747637,3.700838640094744,4.781093056008038,-0.6815337876614446
2023-10-30,5.438299807284879,3.717027879745738,4.794771612150403,0.18284908694050223
2023-10-31,5.446929008954988,3.70772840127325,4.805010830422675,0.9558829212603845
2023-11-01,5.461622726077999,3.74491466736236,4.813266497718158,1.667882841297195
2023-11-02,5.481007736547625,3.7724355397133738,4.827886825789494,2.4809051583364603
2023-11-03,5.482445584007818,3.806310204010785,4.823459960290475,1.992724991103854
2023-11-06,5.481993939036501,3.822750273341514,4.820162049838627,1.6396201666890993
2023-11-07,5.48723706967623,3.827199313831355,4.824634919105794,1.7406477493554064
2023-11-08,5.485844112979417,3.840579023204072,4.820925536354991,1.4198335513108333
2023-11-09,5.476493749832146,3.8486197445865957,4.81018308493551,0.7543913871810202
2023-11-10,5.4913228170002775,3.877692537191736,4.819978786103173,1.2351999938645135
2023-11-13,5.488955065539384,3.88357153664389,4.816593204798372,0.9789731561338473
2023-11-14,5.49819016687221,3.9046558465420627,4.82217798433287,1.2569194543245308
2023-11-15,5.50291692808109,3.8890685321244325,4.8296033737572746,1.610519821769301
2023-11-16,5.504769345869337,3.901105239750282,4.829371879079857,1.4862703874421008
2023-11-17,5.508744109417387,3.8974202129085596,4.8339846304905745,1.6356555515189137
2023-11-20,5.510385591035023,3.91970634920218,4.831767718378181,1.4037865555679794
2023-11-21,5.519386135152452,3.9104389572966403,4.842372723957703,1.8548514578492363
2023-11-22,5.525276079599103,3.8855440731290964,4.8525727140630694,2.1970780758341766
2023-11-24,5.527559410660051,3.8660600710390605,4.858229305993897,2.2317749660206734
2023-11-27,5.526930004928247,3.8757666198970817,4.85591940765626,1.9058046929654642
2023-11-28,5.5221970360209385,3.8670015220201077,4.852703938159618,1.6026087942720384
2023-11-29,5.527284079226129,3.8736500651380967,4.856639920600291,1.641062243619302
2023-11-30,5.536874956104207,3.844778596859245,4.871229308243816,2.036832373992575
2023-12-01,5.535978560231197,3.844671612602925,4.870351434530876,1.8230851295609836
2023-12-04,5.5281098462100084,3.817468658684448,4.867192361761741,1.568735071511673
2023-12-05,5.528777773234904,3.840495272805451,4.863873696298027,1.3676037586155585
2023-12-06,5.5275200995723,3.817402742605656,4.8666140271598275,1.3873267475154034
2023-12-07,5.533518848354428,3.8411392820732275,4.868503274238851,1.358546318289819
2023-12-08,5.53320612520303,3.860480560196302,4.8648419999856545,1.1518768500588412
2023-12-11,5.536251328085882,3.8418043201593575,4.871120616077045,1.3720542444858697
2023-12-12,5.548032718321953,3.8636539943215653,4.879119177173065,1.6335278918205367
2023-12-13,5.558838549870527,3.8726573232712727,4.888366264419295,1.8894350925498766
2023-12-14,5.54482982938475,3.878090725236168,4.8734168602816785,1.1615354142312158
2023-12-15,5.542120602048758,3.8891974099388027,4.8687847351381235,0.8953528348405957
2023-12-18,5.543437383171791,3.913186345209576,4.865948317329796,0.7169835548150583
2023-12-19,5.549687911689692,3.9036959664614375,4.873841912971355,1.0040076433941614
2023-12-20,5.53854864560783,3.873135336174822,4.8679936018908485,0.686349549790893
2023-12-21,5.547955569105524,3.8912407633341966,4.8742659368842425,0.9175180715434942
2023-12-22,5.543669681770444,3.8879694689043705,4.870546408013045,0.698590224008706
2023-12-26,5.5464903877723195,3.8971225032152756,4.871782451257292,0.714637545480322
2023-12-27,5.545602454476555,3.899919025808074,4.870410356638282,0.5975928977887632
2023-12-28,5.551263593959412,3.9020415629459966,4.8757040217470795,0.8843607159600699
2023-12-29,5.551071628268068,3.9020415629459966,4.875512056055736,0.8329252941113731
