Date,AAPL,MSFT,GOOGL,AMZN,META,JPM,V,UNH,NVDA,HD
2022-01-03,178.64564514160156,325.0379943847656,144.3015899658203,170.4044952392578,336.95196533203125,146.99581909179688,215.66050720214844,478.99456787109375,30.06822395324707,376.1605529785156
2022-01-04,176.37835693359375,319.4646301269531,143.71243286132812,167.52200317382812,334.95135498046875,152.56837463378906,216.6636962890625,468.14215087890625,29.238679885864258,380.02667236328125
2022-01-05,171.6867218017578,307.2010192871094,137.1194305419922,164.35699462890625,322.64935302734375,149.77914428710938,214.26780700683594,466.98822021484375,27.555635452270508,374.87176513671875
2022-01-06,168.8206787109375,304.7735290527344,137.09207153320312,163.25399780273438,330.9004211425781,151.37037658691406,214.02430725097656,447.8772888183594,28.128623962402344,373.5094299316406
2022-01-07,168.98751831054688,304.92889404296875,136.3650360107422,162.5540008544922,330.23358154296875,152.87017822265625,211.3069610595703,437.3394775390625,27.199256896972656,362.3251647949219
2022-01-10,169.0071563720703,305.1522521972656,138.0096893310547,161.48599243164062,326.5310363769531,153.01649475097656,206.44703674316406,443.44287109375,27.351987838745117,356.6639709472656
2022-01-11,171.84373474121094,305.84161376953125,139.0710906982422,165.36199951171875,332.801513671875,153.17198181152344,208.79425048828125,447.2574157714844,27.76825714111328,355.936767578125
2022-01-12,172.28543090820312,309.0361328125,140.75753784179688,165.20700073242188,331.6966857910156,154.040771484375,210.08958435058594,451.7585754394531,27.949941635131836,358.44976806640625
2022-01-13,169.0071563720703,295.95697021484375,137.92758178710938,161.21400451660156,324.9485168457031,153.8487091064453,209.3980712890625,445.7601013183594,26.528438568115234,356.22210693359375
2022-01-14,169.8708953857422,301.20037841796875,138.8168182373047,162.13800048828125,330.3431091308594,144.3926239013672,209.07666015625,446.96173095703125,26.894790649414062,342.43280029296875
2022-01-18,166.66134643554688,293.869384765625,135.35089111328125,158.91749572753906,316.6575927734375,138.33853149414062,210.08958435058594,439.6187744140625,25.857616424560547,337.5724792480469
2022-01-19,163.15733337402344,294.52960205078125,134.4735870361328,156.2989959716797,318.0908203125,136.19857788085938,209.0863800048828,441.0778503417969,25.023080825805664,331.1011657714844
2022-01-20,161.4691162109375,292.8498229980469,132.67320251464844,151.66749572753906,315.0750427246094,135.0371856689453,208.76499938964844,441.53558349609375,24.107683181762695,321.794677734375
2022-01-21,159.40797424316406,287.4414367675781,129.73126220703125,142.64300537109375,301.7478942871094,132.67771911621094,200.5643768310547,439.7904052734375,23.333045959472656,321.3528747558594
2022-01-24,158.63255310058594,287.77154541015625,130.18161010742188,144.54400634765625,307.2618713378906,132.55880737304688,196.5906982421875,440.8393859863281,23.331050872802734,334.8936767578125
2022-01-25,156.8265380859375,280.12017822265625,126.33101654052734,139.98599243164062,298.7420349121094,134.0037384033203,196.73680114746094,435.6611022949219,22.28488540649414,330.4476623535156
2022-01-26,156.73822021484375,288.1017150878906,128.61807250976562,138.87249755859375,293.2479248046875,135.27490234375,200.5059356689453,437.177490234375,22.732099533081055,328.8827209472656
2022-01-27,156.27688598632812,291.140869140625,128.39117431640625,139.6374969482422,293.25787353515625,132.8880615234375,200.77867126464844,440.200439453125,21.90555191040039,328.1002197265625
2022-01-28,167.1815643310547,299.3166198730469,132.71649169921875,143.97799682617188,300.2947082519531,134.076904296875,222.05935668945312,444.4536437988281,22.79998016357422,337.4067687988281
2022-01-31,171.54931640625,301.95770263671875,134.65969848632812,149.57350158691406,311.79052734375,135.89678955078125,220.27703857421875,450.66192626953125,24.443098068237305,337.81182861328125
2022-02-01,171.38241577148438,299.8020935058594,136.9890594482422,151.19349670410156,317.50360107421875,138.2288055419922,226.30575561523438,446.6947937011719,24.59482765197754,339.3949890136719
2022-02-02,172.58970642089844,304.36572265625,147.2957763671875,150.6125030517578,321.48486328125,137.12228393554688,229.2860107421875,457.5376892089844,25.197771072387695,344.02520751953125
2022-02-03,169.70404052734375,292.5099792480469,142.4091339111328,138.8455047607422,236.64468383789062,135.9882354736328,225.50709533691406,466.11090087890625,23.906038284301758,335.814208984375
2022-02-04,169.41905212402344,297.0639343261719,142.61117553710938,157.63949584960938,235.97784423828125,139.5182647705078,222.439208984375,460.7705078125,24.276390075683594,331.082763671875
2022-02-07,168.70162963867188,292.21868896484375,138.53866577148438,157.9355010986328,223.85496520996094,139.98471069335938,221.24122619628906,461.27593994140625,24.684669494628906,328.94720458984375
2022-02-08,171.81700134277344,295.7239685058594,138.7357177734375,161.4134979248047,219.14715576171875,142.6184539794922,222.0009002685547,470.5357971191406,25.06400489807129,332.7121276855469
2022-02-09,173.24203491210938,302.1809997558594,140.91827392578125,161.1894989013672,230.91171264648438,143.21290588378906,224.8545684814453,475.0083923339844,26.658205032348633,335.40924072265625
2022-02-10,169.1536865234375,293.60723876953125,137.9604034423828,159.0034942626953,227.00015258789062,142.6184539794922,220.06959533691406,464.1559143066406,25.778751373291016,326.8668212890625
2022-02-11,165.73365783691406,286.4801330566406,133.6435546875,153.2935028076172,218.52011108398438,140.76202392578125,219.19161987304688,455.96417236328125,23.90703773498535,322.4482727050781
2022-02-14,165.96957397460938,286.4412841796875,134.8811492919922,155.16700744628906,216.6787872314453,139.4542694091797,219.82569885253906,452.406982421875,24.22447967529297,323.6173400878906
2022-02-15,169.8121337890625,291.7525939941406,135.95851135253906,156.510498046875,219.96331787109375,141.49362182617188,222.24501037597656,456.05950927734375,26.448575973510742,325.18218994140625
2022-02-16,169.57630920410156,291.41192626953125,137.08262634277344,158.10049438476562,215.5242462158203,141.74966430664062,223.22056579589844,457.7951354980469,26.464548110961914,322.26422119140625
2022-02-17,165.96957397460938,282.8789367675781,131.90835571289062,154.65249633789062,206.73565673828125,138.48487854003906,219.11355590820312,448.5352478027344,24.464059829711914,320.28509521484375
2022-02-18,164.416748046875,280.1545104980469,129.7825164794922,152.60150146484375,205.19290161132812,139.13418579101562,217.2405548095703,446.12255859375,23.60057258605957,319.3000793457031
2022-02-22,161.48812866210938,279.9501953125,129.19583129882812,150.19749450683594,201.13206481933594,138.88722229003906,215.90411376953125,441.06829833984375,23.349016189575195,291.04022216796875
2022-02-23,157.3113555908203,272.7013854980469,126.98090362548828,144.82699584960938,197.5191192626953,135.97911071777344,210.66552734375,438.3122253417969,22.34777069091797,283.93377685546875
2022-02-24,159.93536376953125,286.63470458984375,132.0596160888672,151.35800170898438,206.6261749267578,132.1929931640625,211.98245239257812,434.75518798828125,23.70638656616211,288.3431091308594
2022-02-25,162.00897216796875,289.28118896484375,133.81971740722656,153.7884979248047,209.49266052246094,135.32064819335938,213.90423583984375,453.69451904296875,24.11467170715332,291.4820861816406
2022-02-28,162.27432250976562,290.72119140625,134.4143829345703,153.56300354003906,210.0400848388672,129.6781005859375,210.83132934570312,453.8089294433594,24.34227180480957,290.7272644042969
2022-03-01,160.38742065429688,286.9849548339844,133.42359924316406,151.14199829101562,202.5354461669922,124.7854232788086,203.8563232421875,454.1712646484375,23.43585968017578,294.7959289550781
2022-03-02,163.6895294189453,292.0833740234375,133.93118286132812,152.05250549316406,207.13377380371094,127.37354278564453,203.3782958984375,462.87799072265625,24.18168067932129,301.35003662109375
2022-03-03,163.36521911621094,287.9287109375,133.26239013671875,147.89849853515625,202.01788330078125,126.46817016601562,202.15887451171875,464.0319519042969,23.676483154296875,298.5792236328125
2022-03-04,160.35797119140625,282.0323791503906,131.27883911132812,145.64100646972656,199.1215362548828,122.91067504882812,195.3887176513672,475.5328063964844,22.89971160888672,298.4872131347656
2022-03-07,156.55467224121094,271.3780822753906,125.77716064453125,137.4530029296875,186.59059143066406,118.16438293457031,186.03338623046875,464.2990417480469,21.31821632385254,297.1156311035156
2022-03-08,154.7266845703125,268.40069580078125,126.49971771240234,136.01449584960938,189.39736938476562,117.33216857910156,187.01869201660156,451.5106201171875,21.479963302612305,291.56488037109375
2022-03-09,160.14173889160156,280.7091064453125,132.78515625,139.2790069580078,197.56886291503906,122.03276062011719,194.8716583251953,463.0592346191406,22.977590560913086,293.75048828125
2022-03-10,155.78810119628906,277.8777160644531,131.79937744140625,146.8175048828125,194.29429626464844,120.58782958984375,193.12547302246094,468.6570739746094,22.622156143188477,294.43572998046875
2022-03-11,152.0634002685547,272.5067443847656,129.25254821777344,145.52450561523438,186.7299346923828,117.87171173095703,191.8963165283203,461.8470764160156,22.06503677368164,293.3707275390625
2022-03-14,148.0242156982422,268.974853515625,125.35169219970703,141.85299682617188,185.75453186035156,119.04229736328125,195.42771911621094,466.6772155761719,21.296253204345703,294.82470703125
2022-03-15,152.4171905517578,279.3956298828125,128.583251953125,147.3665008544922,191.1291961669922,121.15483856201172,201.0955810546875,476.2322692871094,22.93665313720703,304.25213623046875
2022-03-16,156.8396453857422,286.4400939941406,132.64633178710938,153.10400390625,202.6748046875,126.56874084472656,206.68531799316406,476.5670471191406,24.457244873046875,306.4468994140625
2022-03-17,157.85186767578125,287.2476806640625,133.20217895507812,157.23899841308594,206.86505126953125,128.16912841796875,208.22665405273438,484.94561767578125,24.72681999206543,311.49395751953125
2022-03-18,161.15399169921875,292.3169250488281,135.477783203125,161.25050354003906,215.47447204589844,128.12344360351562,213.74813842773438,484.0848083496094,26.411148071289062,315.5502014160156
2022-03-21,162.5299072265625,291.081298828125,135.4539031982422,161.4915008544922,210.4979248046875,127.7118911743164,211.7288360595703,485.5577697753906,26.69170570373535,305.020751953125
2022-03-22,165.91055297851562,295.8489685058594,139.20248413085938,164.88900756835938,215.6337127685547,130.42800903320312,213.1238250732422,483.31964111328125,26.482036590576172,305.3541259765625
2022-03-23,167.27659606933594,291.4023132324219,137.6175537109375,163.4080047607422,212.4586944580078,127.83078002929688,209.42654418945312,481.3206481933594,25.593442916870117,293.61151123046875
2022-03-24,171.07009887695312,295.88787841796875,140.89837646484375,163.64950561523438,218.54002380371094,128.6630096435547,211.9922332763672,491.1053466796875,28.10546875,292.4354248046875
2022-03-25,171.70889282226562,295.47918701171875,140.9989013671875,164.77349853515625,220.7794647216797,129.78782653808594,213.08477783203125,490.6940002441406,27.6481876373291,287.71240234375
2022-03-28,172.57374572753906,302.3096618652344,140.78244018554688,168.99049377441406,222.54116821289062,128.82762145996094,215.36753845214844,490.8565673828125,28.174354553222656,291.0462951660156
2022-03-29,175.87582397460938,306.8924255371094,141.82740783691406,169.31500244140625,228.78175354003906,129.111083984375,222.5376739501953,488.494140625,28.61066246032715,294.2227783203125
2022-03-30,174.70631408691406,305.38427734375,141.2631378173828,166.30099487304688,226.78118896484375,128.52578735351562,218.46969604492188,498.14483642578125,27.64619255065918,285.6565246582031
2022-03-31,171.6007843017578,299.9841613769531,138.40579223632812,162.99749755859375,221.3169403076172,124.66656494140625,216.34307861328125,487.76715087890625,27.242828369140625,277.2015380859375
2022-04-01,171.3059539794922,301.064208984375,139.48362731933594,163.55999755859375,223.79527282714844,123.74290466308594,220.82073974609375,490.2731628417969,26.669740676879883,279.572265625
2022-04-04,175.36477661132812,306.46429443359375,142.2912139892578,168.34649658203125,232.7928466796875,124.29163360595703,222.1669921875,487.8150329589844,27.31671714782715,282.98944091796875
2022-04-05,172.0430450439453,302.4847412109375,139.9220428466797,164.05499267578125,230.75245666503906,122.8451919555664,220.55735778808594,495.21807861328125,25.889970779418945,282.3227233886719
2022-04-06,168.8686981201172,291.41192626953125,135.89828491210938,158.75599670410156,222.2525177001953,121.14080810546875,213.65060424804688,508.5989990234375,24.368383407592773,276.4699401855469
2022-04-07,169.17333984375,293.2315368652344,135.24191284179688,157.7845001220703,221.90415954589844,120.77226257324219,210.860595703125,513.5725708007812,24.169702529907227,280.3686828613281
2022-04-08,167.15866088867188,288.95037841796875,132.65328979492188,154.4604949951172,221.28704833984375,122.9833755493164,211.6702880859375,522.1902465820312,23.082422256469727,288.1106262207031
2022-04-11,162.89346313476562,277.556640625,128.21054077148438,151.1219940185547,215.44461059570312,122.53193664550781,209.494873046875,514.0413208007812,21.88232421875,284.04522705078125
2022-04-12,164.7705841064453,274.4430236816406,127.10680389404297,150.78750610351562,213.13551330566406,121.18685913085938,206.22683715820312,510.4736328125,21.46997833251953,283.64697265625
2022-04-13,167.46331787109375,279.8528747558594,129.2759246826172,155.54100036621094,213.98150634765625,117.28057098388672,208.0510711669922,513.6204833984375,22.167871475219727,287.4717102050781
2022-04-14,162.44139099121094,272.273193359375,126.12699890136719,151.7064971923828,209.19406127929688,116.19346618652344,207.5828399658203,511.5352478027344,21.224363327026367,282.0078125
2022-04-18,162.22520446777344,272.944580078125,127.0689926147461,152.78500366210938,209.7812957763672,118.34927368164062,207.9535369873047,510.8276672363281,21.748537063598633,278.0164794921875
2022-04-19,164.5150604248047,277.59552001953125,129.39039611816406,158.11549377441406,216.29061889648438,120.79988861083984,210.4215850830078,514.2898559570312,22.162878036499023,285.04534912109375
2022-04-20,164.34796142578125,278.6268615722656,127.4307632446289,153.9980010986328,199.4798583984375,121.22371673583984,212.46044921875,522.2381591796875,21.448013305664062,291.84271240234375
2022-04-21,163.5519256591797,273.2268371582031,124.22059631347656,148.29600524902344,187.18777465820312,120.28400421142578,211.1532745361328,514.0413208007812,20.151065826416016,287.4161071777344
2022-04-22,159.001708984375,266.6298522949219,119.06624603271484,144.35000610351562,183.24636840820312,116.82914733886719,203.07586669921875,498.2595520019531,19.48412322998047,277.923828125
2022-04-25,160.07296752929688,273.13916015625,122.48838806152344,146.07400512695312,186.11285400390625,116.79228973388672,204.8123321533203,501.4447021484375,19.870512008666992,282.3967590332031
2022-04-26,154.09771728515625,262.9227600097656,118.08544158935547,139.39100646972656,180.10118103027344,113.33743286132812,196.1789093017578,491.411376953125,18.758275985717773,277.784912109375
2022-04-27,153.87167358398438,275.57171630859375,113.75066375732422,138.16700744628906,174.1293182373047,111.8633804321289,208.8705291748047,491.44000244140625,18.3858699798584,279.3036804199219
2022-04-28,160.81985473632812,281.8085632324219,117.95854187011719,144.59649658203125,204.76492309570312,113.63224792480469,215.26023864746094,501.5881042480469,19.75070571899414,288.7126770019531
2022-04-29,154.93304443359375,270.025634765625,113.56654357910156,124.28150177001953,199.52963256835938,109.96550750732422,207.9145050048828,486.4090270996094,18.517658233642578,278.19244384765625
2022-05-02,155.2377166748047,276.7879638671875,116.02826690673828,124.5,210.1396026611328,110.96971893310547,206.35366821289062,479.33123779296875,19.502098083496094,284.2767333984375
2022-05-03,156.73155212402344,274.17059326171875,116.77569580078125,124.25350189208984,211.03538513183594,113.34664916992188,203.4563446044922,477.8678283691406,19.570987701416016,282.4152526855469
2022-05-04,163.15882873535156,282.14910888671875,121.67926025390625,125.92849731445312,222.36199951171875,117.0963134765625,209.27049255371094,485.51953125,20.301834106445312,292.0001525878906
2022-05-05,154.06822204589844,269.8602294921875,115.95114135742188,116.40699768066406,207.302978515625,114.1666030883789,200.2176055908203,473.18109130859375,18.814184188842773,276.997802734375
2022-05-06,154.79656982421875,267.31097412109375,115.19576263427734,114.77249908447266,202.8141632080078,113.98234558105469,197.85679626464844,477.8678283691406,18.64545249938965,272.5526123046875
2022-05-09,149.65899658203125,257.43499755859375,111.97564697265625,108.78900146484375,195.2895965576172,112.26873016357422,188.27708435058594,465.2425231933594,16.923185348510742,275.0715026855469
2022-05-10,152.07029724121094,262.22222900390625,113.85067749023438,108.85900115966797,196.7228546142578,109.53250885009766,188.84291076660156,466.76324462890625,17.567163467407227,269.635498046875
2022-05-11,144.18675231933594,253.5138397216797,113.06195068359375,105.37200164794922,187.85464477539062,108.84153747558594,191.9060821533203,464.9842529296875,16.60369110107422,262.04168701171875
2022-05-12,140.30899047851562,248.45433044433594,112.30706787109375,106.93049621582031,190.3429412841797,108.74940490722656,189.58477783203125,457.9542541503906,16.149410247802734,268.274169921875
2022-05-13,144.78713989257812,254.06851196289062,115.4983139038086,113.05500030517578,197.6883087158203,109.71675872802734,194.7258758544922,464.2669372558594,17.677988052368164,274.1455078125
2022-05-16,143.24192810058594,254.4382781982422,113.90044403076172,110.81050109863281,199.10162353515625,108.95211029052734,193.33792114257812,467.92059326171875,17.236684799194336,274.1083984375
2022-05-17,146.88351440429688,259.61456298828125,115.91879272460938,115.36849975585938,201.66952514648438,112.56356048583984,199.38803100585938,471.0864562988281,18.148242950439453,278.70172119140625
2022-05-18,138.5964813232422,247.79443359375,111.36705780029297,107.11250305175781,191.33822631835938,110.6380615234375,195.46868896484375,450.8572692871094,16.911203384399414,264.0975646972656
2022-05-19,135.18128967285156,246.8776397705078,109.85877227783203,107.31900024414062,190.3926544189453,108.99815368652344,192.9078826904297,457.7151184082031,17.09691047668457,266.48687744140625
2022-05-20,135.41744995117188,246.31204223632812,108.3897933959961,107.59100341796875,192.6321258544922,108.10450744628906,194.5303497314453,464.58251953125,16.66758918762207,265.9589538574219
2022-05-23,140.8502960205078,254.20187377929688,110.95751953125,107.55699920654297,195.3094940185547,114.79307556152344,202.8675079345703,470.6561584472656,16.871267318725586,264.88470458984375
2022-05-24,138.14373779296875,253.19740295410156,105.46578216552734,104.0999984741211,180.4296417236328,116.41456604003906,198.04898071289062,475.89752197265625,16.128442764282227,266.635009765625
2022-05-25,138.3011932373047,256.025634765625,105.30155944824219,106.7750015258789,182.96766662597656,117.22530364990234,199.2316436767578,476.4044189453125,16.948144912719727,271.8673400878906
2022-05-26,141.5097198486328,259.32196044921875,107.27960205078125,111.07749938964844,190.7310791015625,119.25215911865234,203.8351593017578,480.3642272949219,17.822755813598633,280.4242248535156
2022-05-27,147.2771759033203,266.48040771484375,111.7820816040039,115.14649963378906,194.21466064453125,120.93811798095703,208.06727600097656,485.03173828125,18.78124237060547,285.6565246582031
2022-05-31,146.4898223876953,265.144287109375,113.220703125,120.20950317382812,192.73167419433594,121.8225326538086,207.37330627441406,475.15142822265625,18.642457962036133,280.3686828613281
2022-06-01,146.3618621826172,265.68072509765625,113.3500747680664,121.68399810791016,187.75511169433594,119.6851577758789,205.1839599609375,471.1056823730469,18.291015625,276.95782470703125
2022-06-02,148.82241821289062,267.7872314453125,117.06282806396484,125.51100158691406,197.9271697998047,121.61064147949219,210.188232421875,470.82830810546875,19.561002731323242,285.04693603515625
2022-06-03,143.08447265625,263.3400573730469,113.9959945678711,122.3499984741211,189.8850555419922,119.91548919677734,207.8424530029297,464.4678649902344,18.69038200378418,284.31072998046875
2022-06-06,143.83242797851562,262.1014404296875,116.2646484375,124.79000091552734,193.3387908935547,119.51931762695312,208.12588500976562,468.8388366699219,18.756277084350586,283.2017822265625
2022-06-07,146.3618621826172,265.7587585449219,116.59207916259766,123.0,194.73220825195312,119.83258056640625,209.650634765625,475.45758056640625,18.896055221557617,281.2260437011719
2022-06-08,145.62371826171875,263.7204284667969,116.63636016845703,121.18000030517578,195.71759033203125,117.92548370361328,208.67323303222656,472.04296875,18.622432708740234,277.274658203125
2022-06-09,140.38772583007812,258.239501953125,114.28909301757812,116.1500015258789,183.13685607910156,115.44721221923828,201.45028686523438,468.1214599609375,18.02325439453125,279.44610595703125
2022-06-10,134.9647216796875,246.7313995361328,110.63257598876953,109.6500015258789,174.74639892578125,110.14056396484375,194.99949645996094,463.5304870605469,16.950727462768555,269.5491027832031
2022-06-13,129.7976531982422,236.26681518554688,105.88626861572266,103.66999816894531,163.4894561767578,106.86074829101562,187.91339111328125,449.2504577636719,15.6255464553833,263.88299560546875
2022-06-14,130.66372680664062,238.441650390625,106.20771789550781,102.30999755859375,162.96194458007812,105.08267211914062,189.1449432373047,441.64654541015625,15.814289093017578,259.6986999511719
2022-06-15,133.29153442382812,245.53182983398438,109.24222564697266,107.66999816894531,168.5556182861328,106.32640075683594,191.72525024414062,444.1142578125,16.50434112548828,260.6864929199219
2022-06-16,128.00637817382812,238.90977478027344,105.52896881103516,103.66000366210938,160.11537170410156,104.50225067138672,184.77601623535156,437.7887268066406,15.579611778259277,254.8433380126953
2022-06-17,129.482666015625,241.5234832763672,106.6336898803711,106.22000122070312,162.97193908691406,104.13373565673828,185.71429443359375,433.9203796386719,15.85822868347168,252.29925537109375
2022-06-21,133.724609375,247.4628448486328,111.01325225830078,108.68000030517578,156.31329345703125,106.71334838867188,189.9952850341797,461.0464172363281,16.543289184570312,250.8733673095703
2022-06-22,133.2128448486328,246.86795043945312,110.95702362060547,108.94999694824219,155.11892700195312,106.11450958251953,189.43820190429688,470.03082275390625,16.33757209777832,250.6683807373047
2022-06-23,136.0867156982422,252.45616149902344,111.70793151855469,112.44000244140625,158.00531005859375,104.95366668701172,192.1944122314453,479.7543640136719,16.202756881713867,256.669921875
2022-06-24,139.4232177734375,261.0775146484375,117.41365051269531,116.45999908447266,169.36180114746094,108.08607482910156,200.86387634277344,475.751708984375,17.10251808166504,263.7339172363281
2022-06-27,139.4232177734375,258.3370666503906,115.28234100341797,113.22000122070312,168.6949462890625,107.22004699707031,198.9579620361328,485.36956787109375,16.845870971679688,263.4449768066406
2022-06-28,135.26983642578125,250.13504028320312,111.47454071044922,107.4000015258789,159.92626953125,106.70413208007812,193.64093017578125,488.0380554199219,15.960088729858398,251.75868225097656
2022-06-29,137.0315704345703,253.821533203125,111.17000579833984,108.91999816894531,163.1709747314453,106.22505950927734,194.98974609375,495.0163879394531,15.52069091796875,255.22543334960938
2022-06-30,134.5612030029297,250.47637939453125,108.44452667236328,106.20999908447266,160.49359130859375,103.74678039550781,192.43875122070312,493.019775390625,15.138216018676758,255.59814453125
2022-07-01,136.73631286621094,253.1583251953125,108.22010803222656,109.55999755859375,159.27932739257812,105.07344055175781,194.67698669433594,496.6385498046875,14.503087997436523,260.08074951171875
2022-07-05,139.32476806640625,256.34747314453125,112.72406768798828,113.5,167.40103149414062,104.67378997802734,196.0062255859375,484.9665222167969,14.94348430633545,264.4141845703125
2022-07-06,140.66329956054688,259.6243591308594,114.02684020996094,114.33000183105469,168.9736328125,103.99528503417969,196.5731201171875,494.6132507324219,15.109256744384766,264.2743835449219
2022-07-07,144.03912353515625,261.7601623535156,118.21780395507812,116.33000183105469,171.38226318359375,106.6256103515625,198.21514892578125,493.7397766113281,15.836257934570312,267.1726379394531
2022-07-08,144.71824645996094,261.0384826660156,118.78559875488281,115.54000091552734,170.07843017578125,106.291015625,198.9677276611328,497.8192138671875,15.816285133361816,266.9677429199219
2022-07-11,142.58250427246094,257.96636962890625,115.12609100341797,111.75,162.11595153808594,104.8968505859375,200.42404174804688,496.2066345214844,15.1312255859375,266.89312744140625
2022-07-12,143.55685424804688,247.39456176757812,113.47796630859375,109.22000122070312,162.50411987304688,104.99909210205078,200.18948364257812,493.77813720703125,15.061321258544922,265.7095031738281
2022-07-13,143.1927032470703,246.46807861328125,110.82366180419922,110.4000015258789,162.72308349609375,104.01388549804688,199.5345916748047,481.1269836425781,15.143208503723145,267.6293029785156
2022-07-14,146.12567138671875,247.79443359375,109.84235382080078,110.62999725341797,157.30860900878906,100.37976837158203,201.25485229492188,482.2692565917969,15.350923538208008,269.772705078125
2022-07-15,147.79881286621094,250.3690948486328,111.24563598632812,113.55000305175781,163.9274139404297,104.98049926757812,205.29147338867188,508.4930419921875,15.740388870239258,272.5032653808594
2022-07-18,144.74778747558594,247.96018981933594,108.51121520996094,113.76000213623047,166.44552612304688,103.90235900878906,202.52545166015625,498.52947998046875,16.078922271728516,273.09967041015625
2022-07-19,148.61572265625,253.109619140625,113.26846313476562,118.20999908447266,174.95542907714844,106.4769058227539,208.82962036132812,512.0445556640625,16.968706130981445,279.4180908203125
2022-07-20,150.62351989746094,255.7817840576172,113.35804748535156,122.7699966430664,182.2311248779297,106.45832824707031,208.54617309570312,498.62542724609375,17.782588958740234,281.719970703125
2022-07-21,152.89703369140625,258.2882385253906,113.79595184326172,124.62999725341797,182.31077575683594,107.18328094482422,211.30242919921875,501.4955139160156,18.025251388549805,284.23614501953125
2022-07-22,151.6569366455078,253.9190216064453,107.3865966796875,122.41999816894531,168.47598266601562,106.66278839111328,208.86868286132812,500.4875793457031,17.295255661010742,285.7178955078125
2022-07-25,150.53494262695312,252.42691040039062,106.99844360351562,121.13999938964844,165.86825561523438,107.09033203125,209.42579650878906,508.22418212890625,17.000661849975586,285.307861328125
2022-07-26,149.2062530517578,245.66836547851562,104.52029418945312,114.80999755859375,158.4034423828125,105.4173355102539,207.6860809326172,510.2591857910156,16.510332107543945,277.8804626464844
2022-07-27,154.3142852783203,262.09173583984375,112.52204132080078,120.97000122070312,168.78451538085938,107.1089096069336,205.71176147460938,513.1580200195312,17.765609741210938,278.560791015625
2022-07-28,154.86544799804688,269.5719909667969,113.67652130126953,122.27999877929688,159.96607971191406,106.70925903320312,206.57183837890625,519.7619018554688,17.959341049194336,279.2317810058594
2022-07-29,159.9439697265625,273.794921875,115.76652526855469,134.9499969482422,158.3536834716797,107.22047424316406,207.31468200683594,520.577880859375,18.13809585571289,280.45257568359375
2022-08-01,158.9597625732422,271.13238525390625,114.31346893310547,135.38999938964844,159.17977905273438,106.1515884399414,206.5816192626953,513.89697265625,18.41571807861328,285.0003356933594
2022-08-02,157.4834442138672,268.0213317871094,114.58218383789062,134.16000366210938,159.43856811523438,104.49720001220703,201.59690856933594,513.973876953125,18.500600814819336,280.2382507324219
2022-08-03,163.50682067871094,275.4820861816406,117.51815795898438,139.52000427246094,168.00819396972656,105.59393310546875,203.76675415039062,518.9556274414062,18.867094039916992,285.5129089355469
2022-08-04,163.19186401367188,276.63287353515625,117.62763214111328,142.57000732421875,169.7698974609375,104.43213653564453,208.64390563964844,512.33251953125,19.188655853271484,286.2584533691406
2022-08-05,162.9651641845703,275.91119384765625,116.91105651855469,140.8000030517578,166.3260955810547,107.59223175048828,210.98965454101562,513.5899047851562,18.962966918945312,288.6069030761719
2022-08-08,162.4921112060547,273.3852844238281,116.74185943603516,139.41000366210938,169.45135498046875,106.2817153930664,208.49732971191406,515.068115234375,17.76860237121582,290.731689453125
2022-08-09,162.5413818359375,275.3162841796875,116.07504272460938,137.8300018310547,167.73944091796875,107.23904418945312,205.5064697265625,515.7015991210938,17.06257438659668,284.431884765625
2022-08-10,166.79905700683594,282.006591796875,119.13043975830078,142.69000244140625,177.50343322753906,110.03667449951172,207.30491638183594,516.1431884765625,18.072189331054688,290.3681945800781
2022-08-11,166.05992126464844,279.9194641113281,118.2745361328125,140.63999938964844,176.6574249267578,111.66319274902344,206.67337036132812,511.4781188964844,17.917402267456055,289.5387878417969
2022-08-12,169.61782836914062,284.6885681152344,121.10102081298828,143.5500030517578,179.65328979492188,113.51277160644531,206.9181671142578,521.8831787109375,18.683345794677734,293.4529113769531
2022-08-15,170.69210815429688,286.2099914550781,121.49913024902344,143.17999267578125,180.04144287109375,113.81949615478516,211.90188598632812,522.7855224609375,19.00590705871582,293.19189453125
2022-08-16,170.53440856933594,285.46875,121.12092590332031,144.77999877929688,178.62811279296875,114.90695190429688,212.6068572998047,524.2061157226562,18.85311508178711,305.09259033203125
2022-08-17,172.032470703125,284.71624755859375,118.98116302490234,142.10000610351562,174.02978515625,113.94033813476562,210.0415496826172,523.1310424804688,18.30986213684082,303.5828857421875
2022-08-18,171.6382598876953,283.59234619140625,119.59820556640625,142.3000030517578,173.84066772460938,113.05736541748047,210.7563018798828,523.3421630859375,18.74726104736328,303.0703125
2022-08-19,169.0461883544922,279.66339111328125,116.65229797363281,138.22999572753906,167.172119140625,110.25971984863281,208.37701416015625,526.31787109375,17.82452964782715,299.4451599121094
2022-08-22,165.15316772460938,271.45379638671875,113.69642639160156,133.22000122070312,162.28515625,108.43801879882812,204.25491333007812,522.7183227539062,17.01064682006836,290.9552917480469
2022-08-23,164.8180694580078,270.1735534667969,113.3182373046875,133.6199951171875,160.35426330566406,107.36917114257812,202.48272705078125,514.30029296875,17.157445907592773,286.0068054199219
2022-08-24,165.11375427246094,269.5382385253906,113.14904022216797,133.8000030517578,162.49415588378906,107.62940979003906,202.3554229736328,514.9337768554688,17.198389053344727,287.1344299316406
2022-08-25,167.5776824951172,272.5288391113281,116.09495544433594,137.27999877929688,167.98828125,110.18538665771484,205.4396514892578,519.8386840820312,17.888442993164062,288.69073486328125
2022-08-26,161.26011657714844,262.0127868652344,109.81498718261719,130.75,161.02110290527344,106.57913970947266,198.65435791015625,508.0130615234375,16.237707138061523,277.805908203125
2022-08-29,159.05245971679688,259.2176818847656,108.89935302734375,129.7899932861328,158.42333984375,106.31890106201172,198.1060333251953,508.5121765136719,15.779335021972656,276.1470947265625
2022-08-30,156.61805725097656,257.0087890625,108.42163848876953,128.72999572753906,156.4227752685547,106.3375015258789,197.1758575439453,501.86029052734375,15.446791648864746,273.14630126953125
2022-08-31,154.9524383544922,255.54290771484375,107.70506286621094,126.7699966430664,162.1656951904297,105.7054672241211,194.56163024902344,498.4910888671875,15.073305130004883,270.5386962890625
2022-09-01,155.6817626953125,254.4971160888672,109.21783447265625,127.81999969482422,164.58432006835938,106.43045043945312,195.95196533203125,502.97369384765625,13.917892456054688,275.1817626953125
2022-09-02,153.56277465820312,250.25550842285156,107.33682250976562,127.51000213623047,159.56797790527344,105.68687438964844,193.6314239501953,495.6306457519531,13.628291130065918,273.80291748046875
2022-09-06,152.30125427246094,247.5092010498047,106.30177307128906,126.11000061035156,157.79627990722656,105.71475982666016,194.4930419921875,496.90728759765625,13.446539878845215,271.5892028808594
2022-09-07,153.7106170654297,252.23947143554688,108.92921447753906,129.47999572753906,159.63763427734375,107.72235870361328,196.2358856201172,500.7467041015625,13.69926643371582,279.0275573730469
2022-09-08,152.2322540283203,252.6597442626953,107.86430358886719,129.82000732421875,161.29978942871094,110.23184204101562,196.51983642578125,506.3428955078125,13.974970817565918,281.306884765625
2022-09-09,155.1002655029297,258.465087890625,110.12350463867188,133.27000427246094,168.3565216064453,110.76163482666016,200.91610717773438,504.8793029785156,14.37154483795166,281.18499755859375
2022-09-12,161.07286071777344,260.60540771484375,110.33250427246094,136.4499969482422,168.16741943359375,112.07215118408203,202.31625366210938,511.5329284667969,14.489416122436523,279.0932922363281
2022-09-13,151.6211700439453,246.27777099609375,103.8236312866211,126.81999969482422,152.4116973876953,108.17777252197266,195.50157165527344,494.88458251953125,13.11689281463623,260.698974609375
2022-09-14,153.0699920654297,246.50253295898438,104.5003890991211,128.5500030517578,150.75946044921875,107.92684936523438,195.24697875976562,490.85003662109375,13.113898277282715,259.2075500488281
2022-09-15,150.17237854003906,239.81759643554688,102.42034149169922,126.27999877929688,148.84848022460938,109.55335998535156,191.29132080078125,503.50225830078125,12.91511058807373,254.7051544189453
2022-09-16,148.52645874023438,239.19210815429688,102.31085968017578,123.52999877929688,145.603759765625,108.819091796875,189.26454162597656,501.68255615234375,13.183820724487305,258.86053466796875
2022-09-19,152.25193786621094,238.97711181640625,102.57957458496094,124.66000366210938,147.32566833496094,109.82288360595703,189.0980987548828,504.1185607910156,13.367624282836914,263.03466796875
2022-09-20,154.63705444335938,236.95404052734375,100.65876007080078,122.19000244140625,145.40469360351562,107.65730285644531,188.0602264404297,503.3964538574219,13.161847114562988,257.172119140625
2022-09-21,151.50294494628906,233.5333709716797,98.8075942993164,118.54000091552734,141.4533233642578,104.55297088623047,183.11566162109375,493.0743408203125,13.24675178527832,254.73329162597656
2022-09-22,150.53704833984375,235.51731872558594,99.66351318359375,117.30999755859375,142.15005493164062,103.36326599121094,181.9113311767578,498.25469970703125,12.547506332397461,252.4539794921875
2022-09-23,148.2603759765625,232.52670288085938,98.27017211914062,113.77999877929688,139.75137329101562,101.43931579589844,180.11953735351562,494.5475158691406,12.502554893493652,254.14234924316406
2022-09-26,148.595458984375,232.06735229492188,97.70288848876953,115.1500015258789,135.7303009033203,99.25514221191406,176.8198699951172,489.4924011230469,12.214862823486328,250.052734375
2022-09-27,149.5711669921875,231.05093383789062,97.03607940673828,114.41000366210938,133.76956176757812,98.38148498535156,174.15664672851562,489.5020751953125,12.399663925170898,252.0318603515625
2022-09-28,147.6788787841797,235.60531616210938,99.57394409179688,118.01000213623047,140.9457244873047,100.37046813964844,175.4393310546875,494.8653259277344,12.722317695617676,264.69488525390625
2022-09-29,140.42503356933594,232.1162109375,96.95645904541016,114.80000305175781,135.77012634277344,98.66958618164062,176.3009490966797,489.9449462890625,12.20687198638916,261.0741882324219
2022-09-30,136.20675659179688,227.6205291748047,95.19488525390625,113.0,135.0435333251953,97.12672424316406,173.94125366210938,486.2956237792969,12.125960350036621,258.8324279785156
2022-10-03,140.39544677734375,235.28280639648438,98.17064666748047,115.87999725341797,137.95977783203125,100.12882232666016,177.8577423095703,496.3770446777344,12.49855899810791,266.1112976074219
2022-10-04,143.99282836914062,243.23825073242188,101.15637969970703,121.08999633789062,139.62196350097656,104.81320190429688,181.7742462158203,503.752685546875,13.152853965759277,271.60797119140625
2022-10-05,144.28848266601562,243.55101013183594,100.9473648071289,120.94999694824219,138.32806396484375,103.51909637451172,183.75209045410156,507.508056640625,13.194809913635254,271.8800048828125
2022-10-06,143.33248901367188,241.1956329345703,100.93742370605469,120.30000305175781,138.4176483154297,101.40914916992188,181.7154998779297,499.8626403808594,13.115893363952637,272.386474609375
2022-10-07,138.06947326660156,228.93014526367188,98.21045684814453,114.55999755859375,132.82400512695312,99.38358306884766,179.99224853515625,486.1126708984375,12.063027381896973,266.69287109375
2022-10-10,138.3947296142578,224.05325317382812,97.39437103271484,113.66999816894531,133.1623992919922,98.4552001953125,178.37667846679688,480.3449401855469,11.657464981079102,264.9481506347656
2022-10-11,136.9755096435547,220.30030822753906,96.71760559082031,112.20999908447266,127.93702697753906,95.6137924194336,175.400146484375,481.25970458984375,11.573554039001465,265.3514709472656
2022-10-12,136.34474182128906,220.63258361816406,97.09579467773438,112.9000015258789,126.90191650390625,97.16110229492188,174.51895141601562,481.4040832519531,11.487645149230957,263.1283874511719
2022-10-13,140.92767333984375,228.93014526367188,98.58865356445312,112.52999877929688,129.67881774902344,102.56259155273438,180.804931640625,490.9848937988281,11.947151184082031,265.295166015625
2022-10-14,136.3841552734375,223.37889099121094,96.10054779052734,106.9000015258789,126.1653823852539,104.26930236816406,178.80751037597656,494.0853271484375,11.214937210083008,259.2919921875
2022-10-17,140.3560333251953,232.14552307128906,99.49432373046875,113.79000091552734,133.41122436523438,108.64862823486328,181.38258361816406,502.51055908203125,11.875227928161621,263.8225402832031
2022-10-18,141.67672729492188,233.09356689453125,100.29051208496094,116.36000061035156,132.17706298828125,111.44314575195312,183.2625274658203,502.82830810546875,11.954143524169922,267.3869934082031
2022-10-19,141.78512573242188,231.11932373046875,99.15594482421875,115.06999969482422,132.6050262451172,109.25819396972656,182.51841735839844,501.00848388671875,12.038053512573242,258.41021728515625
2022-10-20,141.32188415527344,230.7968292236328,99.49432373046875,115.25,130.91302490234375,108.90180969238281,183.3114776611328,501.5476379394531,12.180899620056152,252.754150390625
2022-10-21,145.1459197998047,236.63148498535156,100.64878845214844,119.31999969482422,129.40013122558594,114.62215423583984,186.39572143554688,513.9207153320312,12.452607154846191,258.4477844238281
2022-10-24,147.2945098876953,241.6451873779297,102.03218078613281,119.81999969482422,129.1114959716797,114.76280212402344,186.72862243652344,521.4986572265625,12.585464477539062,265.6986083984375
2022-10-25,150.142822265625,244.9779052734375,103.98286437988281,120.5999984741211,136.86495971679688,115.06290435791016,190.32200622558594,520.169921875,13.24675178527832,272.26458740234375
2022-10-26,147.19595336914062,226.0763397216797,94.47830200195312,115.66000366210938,129.21104431152344,116.38514709472656,199.0851593017578,523.010498046875,12.882146835327148,272.1614074707031
2022-10-27,142.7115478515625,221.60989379882812,91.78119659423828,110.95999908447266,97.48057556152344,116.8446273803711,200.0251007080078,521.6912231445312,13.161847114562988,273.0149841308594
2022-10-28,153.49380493164062,230.52316284179688,95.83183288574219,103.41000366210938,98.73465728759766,118.23252868652344,204.96969604492188,530.7808837890625,13.819137573242188,280.1343994140625
2022-10-31,151.12838745117188,226.86798095703125,94.060302734375,102.44000244140625,92.72300720214844,118.04496002197266,202.83518981933594,534.5457763671875,13.482501029968262,277.7706604003906
2022-11-01,148.47718811035156,222.9977569580078,90.0395278930664,96.79000091552734,94.75341796875,120.17367553710938,202.6099853515625,526.9968872070312,13.52845287322998,277.70501708984375
2022-11-02,142.93824768066406,215.1106719970703,86.55618286132812,92.12000274658203,90.11528778076172,119.06712341308594,196.75482177734375,523.2608032226562,13.20479965209961,270.8294372558594
2022-11-03,136.876953125,209.39324951171875,83.03302001953125,89.30000305175781,88.49292755126953,119.28280639648438,190.6842803955078,523.4340209960938,13.40658187866211,264.0476989746094
2022-11-04,136.6103973388672,216.37139892578125,86.16803741455078,90.9800033569336,90.36410522460938,122.54620361328125,192.8677215576172,518.1958618164062,14.140790939331055,266.4208068847656
2022-11-07,137.14352416992188,222.70452880859375,88.06893920898438,90.52999877929688,96.26629638671875,123.19324493408203,195.92257690429688,524.7918090820312,14.285635948181152,272.27392578125
2022-11-08,137.71607971191406,223.68185424804688,88.47699737548828,89.9800033569336,96.0174560546875,123.26827239990234,197.56752014160156,532.523681640625,14.586313247680664,273.09002685546875
2022-11-09,133.14529418945312,219.42068481445312,86.90451049804688,86.13999938964844,100.99401092529297,121.66471862792969,190.30580139160156,520.593505859375,13.761199951171875,268.97216796875
2022-11-10,144.99183654785156,237.4720001220703,93.4930191040039,96.62999725341797,111.34523010253906,126.67234802246094,201.72828674316406,523.9733276367188,15.733078956604004,292.3753662109375
2022-11-11,147.78565979003906,241.50840759277344,95.95126342773438,100.79000091552734,112.48983764648438,126.87865447998047,201.16893005371094,502.70318603515625,16.309457778930664,295.4144592285156
2022-11-14,146.3837890625,236.0744171142578,95.24462890625,98.48999786376953,113.6842041015625,125.57516479492188,202.99415588378906,494.6822814941406,16.277494430541992,287.8916931152344
2022-11-15,148.12130737304688,236.48489379882812,97.97160339355469,98.94000244140625,116.53079223632812,124.6655502319336,206.06565856933594,484.3409729003906,16.648099899291992,292.5910949707031
2022-11-16,146.8872528076172,236.91612243652344,98.37965393066406,97.12000274658203,112.6988525390625,124.83433532714844,206.2128448486328,492.5350646972656,15.89290714263916,295.3863830566406
2022-11-17,148.7926025390625,236.86712646484375,97.89198303222656,94.8499984741211,110.92719268798828,124.29043579101562,207.0469970703125,496.18438720703125,15.660157203674316,292.1314697265625
2022-11-18,149.35531616210938,236.41629028320312,96.96640014648438,94.13999938964844,111.52438354492188,125.509521484375,206.86053466796875,510.3292541503906,15.392446517944336,293.76361083984375
2022-11-21,146.11724853515625,237.22976684570312,95.14511108398438,92.45999908447266,109.34465026855469,124.7686767578125,202.46424865722656,497.9946594238281,15.300543785095215,297.1404113769531
2022-11-22,148.25953674316406,240.150390625,96.58821868896484,93.19999694824219,110.91724395751953,126.63482666015625,206.39930725097656,503.6757507324219,16.02077293395996,304.7381896972656
2022-11-23,149.1381072998047,242.64964294433594,97.99150848388672,94.12999725341797,111.71349334716797,127.98521423339844,207.77313232421875,510.0500183105469,16.501253128051758,301.5771179199219
2022-11-25,146.21600341796875,242.56143188476562,96.99626922607422,93.41000366210938,110.88739013671875,128.2290496826172,209.79461669921875,517.6664428710938,16.252521514892578,306.14520263671875
2022-11-28,142.375732421875,236.9455108642578,95.59297943115234,93.94999694824219,108.26972198486328,125.9878158569336,207.3119354248047,512.5149536132812,15.809996604919434,299.1477355957031
2022-11-29,139.36473083496094,235.5440216064453,94.73706817626953,92.41999816894531,108.94654083251953,128.0602264404297,205.15301513671875,508.4034729003906,15.622200012207031,296.3712158203125
2022-11-30,146.1370086669922,250.05908203125,100.50946807861328,96.54000091552734,117.5459976196289,129.5793914794922,212.94464111328125,527.4299926757812,16.90914535522461,305.741943359375
2022-12-01,146.41343688964844,249.61802673339844,100.50946807861328,95.5,119.87503814697266,127.7601318359375,212.94464111328125,516.982666015625,17.120967864990234,308.6484680175781
2022-12-02,145.91981506347656,249.9414825439453,99.96209716796875,94.12999725341797,122.91071319580078,126.74735260009766,213.59234619140625,517.8519897460938,16.862180709838867,309.51666259765625
2022-12-05,144.75489807128906,245.21746826171875,99.00665283203125,91.01000213623047,121.8556900024414,123.19324493408203,209.68670654296875,516.7701416015625,16.59640121459961,302.0521240234375
2022-12-06,141.08248901367188,240.23861694335938,96.51854705810547,88.25,113.58467864990234,123.39956665039062,205.1726837158203,520.9041137695312,15.973913192749023,299.5703125
2022-12-07,139.13768005371094,239.50357055664062,94.4882583618164,88.45999908447266,113.39555358886719,123.3151626586914,203.9264373779297,524.3715209960938,16.10680389404297,302.1181945800781
2022-12-08,140.8258056640625,242.47323608398438,93.26410675048828,90.3499984741211,114.78900909423828,124.60928344726562,205.1923065185547,529.2105712890625,17.154943466186523,305.8363037109375
2022-12-09,140.34207153320312,240.53265380859375,92.38829803466797,89.08999633789062,115.35633087158203,123.9341049194336,204.79977416992188,520.7882690429688,16.987079620361328,302.4296875
2022-12-12,142.6422882080078,247.4814453125,92.86601257324219,90.55000305175781,114.1718978881836,125.85650634765625,210.57969665527344,527.2207641601562,17.520645141601562,309.5072326660156
2022-12-13,143.6097412109375,251.80361938476562,95.17498016357422,92.48999786376953,119.58639526367188,125.7345962524414,209.0586700439453,519.8416137695312,18.057205200195312,314.1407165527344
2022-12-14,141.37863159179688,252.09768676757812,94.61763763427734,91.58000183105469,121.01962280273438,125.10629272460938,209.33346557617188,519.976806640625,17.659530639648438,314.6502380371094
2022-12-15,134.75445556640625,244.0511474609375,90.42766571044922,88.44999694824219,115.60515594482422,122.00232696533203,204.02456665039062,509.66162109375,16.938119888305664,309.14862060546875
2022-12-16,132.78988647460938,239.81723022460938,89.83052062988281,87.86000061035156,118.86976623535156,121.24271392822266,203.02362060546875,505.8175048828125,16.557432174682617,305.1285705566406
2022-12-19,130.67724609375,235.66162109375,88.0191879272461,84.91999816894531,113.94298553466797,121.96480560302734,200.99232482910156,505.72076416015625,16.240690231323242,299.4570617675781
2022-12-20,130.60816955566406,236.98472595214844,88.5964126586914,85.19000244140625,116.54074096679688,122.55560302734375,201.52218627929688,502.4467468261719,16.07183265686035,297.1073303222656
2022-12-21,133.71786499023438,239.56234741210938,89.15376281738281,86.7699966430664,119.19822692871094,123.9341049194336,202.94509887695312,509.5263366699219,16.487489700317383,301.3726501464844
2022-12-22,130.53904724121094,233.44662475585938,87.34241485595703,83.79000091552734,116.57061004638672,122.5274429321289,201.22779846191406,509.0919494628906,15.326441764831543,298.3152160644531
2022-12-23,130.17376708984375,233.9758758544922,88.80542755126953,85.25,117.48628234863281,123.10885620117188,201.98342895507812,513.1676635742188,15.193551063537598,300.7782287597656
2022-12-27,128.36717224121094,232.24114990234375,86.97417449951172,83.04000091552734,116.33173370361328,123.54022979736328,202.43482971191406,513.824462890625,14.1094388961792,301.552001953125
2022-12-28,124.42820739746094,229.85951232910156,85.61070251464844,81.81999969482422,115.07762908935547,124.2154312133789,201.15914916992188,510.40521240234375,14.024508476257324,297.94720458984375
2022-12-29,127.95255279541016,236.21046447753906,88.02912902832031,84.18000030517578,119.69587707519531,124.9281234741211,204.17173767089844,511.78643798828125,14.591043472290039,302.3636474609375
2022-12-30,128.26846313476562,235.04417419433594,87.81018829345703,84.0,119.7754898071289,125.75332641601562,203.8773193359375,512.0762329101562,14.602034568786621,298.0698547363281
2023-01-03,123.47061157226562,234.80894470214844,88.6959457397461,85.81999969482422,124.15486145019531,126.7098388671875,203.51425170898438,500.9302673339844,14.303279876708984,298.11700439453125
2023-01-04,124.7441177368164,224.5376434326172,87.66090393066406,85.13999938964844,126.77252197265625,127.89142608642578,208.63670349121094,487.2731018066406,14.736924171447754,301.721923828125
2023-01-05,123.4212417602539,217.8828582763672,85.78984832763672,83.12000274658203,126.34453582763672,127.86309051513672,207.1647491455078,473.2296447753906,14.253320693969727,297.7018127441406
2023-01-06,127.96240997314453,220.45068359375,86.9244155883789,86.08000183105469,129.41009521484375,130.30982971191406,213.6806640625,473.2682189941406,14.846835136413574,299.645751953125
2023-01-09,128.48565673828125,222.59707641601562,87.60118103027344,87.36000061035156,128.86265563964844,129.77134704589844,214.51475524902344,473.32623291015625,15.615205764770508,299.9100341796875
2023-01-10,129.0582275390625,224.29263305664062,87.99928283691406,89.87000274658203,132.36618041992188,130.93331909179688,216.95823669433594,469.4048156738281,15.895976066589355,302.57122802734375
2023-01-11,131.78294372558594,231.0748291015625,91.08453369140625,95.08999633789062,132.26663208007812,131.90635681152344,217.94937133789062,476.5521545410156,15.987899780273438,310.4697570800781
2023-01-12,131.70394897460938,233.76025390625,90.69638061523438,95.2699966430664,136.0687255859375,131.77407836914062,219.44094848632812,478.7445983886719,16.497480392456055,311.2907409667969
2023-01-13,133.0366973876953,234.46591186523438,91.68167877197266,98.12000274658203,136.33743286132812,135.09934997558594,218.8914031982422,472.8529052734375,16.885164260864258,312.5553283691406
2023-01-17,134.20159912109375,235.56362915039062,90.85562896728516,96.05000305175781,134.72503662109375,133.01162719726562,218.83253479003906,468.5162048339844,17.68750762939453,309.0825500488281
2023-01-18,133.48095703125,231.11402893066406,90.68643951416016,95.45999908447266,132.39601135253906,129.01559448242188,215.35867309570312,459.97808837890625,17.36277198791504,305.4588623046875
2023-01-19,133.54019165039062,227.31129455566406,92.60725402832031,93.68000030517578,135.51133728027344,127.29627990722656,216.2909393310547,467.82080078125,16.751272201538086,293.3703308105469
2023-01-20,136.10693359375,235.4362030029297,97.55359649658203,97.25,138.7162322998047,127.60801696777344,220.11805725097656,470.1002197265625,17.82439613342285,297.25830078125
2023-01-23,139.30548095703125,237.7491912841797,99.315185546875,97.5199966430664,142.5979461669922,129.67686462402344,219.990478515625,469.2213134765625,19.177289962768555,297.7113037109375
2023-01-24,140.7073211669922,237.21994018554688,97.23512268066406,96.31999969482422,142.4685516357422,130.79159545898438,219.7058868408203,474.8135681152344,19.249225616455078,299.79681396484375
2023-01-25,140.04592895507812,235.8184356689453,94.76692962646484,97.18000030517578,140.83624267578125,131.42454528808594,220.69700622558594,475.6828918457031,19.307180404663086,299.3909912109375
2023-01-26,142.11907958984375,243.06126403808594,97.05598449707031,99.22000122070312,146.60903930664062,132.2369842529297,220.51060485839844,475.6635437011719,19.78578758239746,296.13531494140625
2023-01-27,144.0638427734375,243.2180938720703,98.89718627929688,102.23999786376953,151.02821350097656,132.5581817626953,227.11480712890625,469.4530944824219,20.348325729370117,298.85308837890625
2023-01-30,141.17132568359375,237.87661743164062,96.4787368774414,100.55000305175781,146.37014770507812,131.4340057373047,224.81854248046875,469.2019958496094,19.146312713623047,296.5410461425781
2023-01-31,142.44485473632812,242.8750457763672,98.36969757080078,103.12999725341797,148.2711944580078,132.2180938720703,225.90782165527344,482.14447021484375,19.521005630493164,305.9118347167969
2023-02-01,143.57025146484375,247.71669006347656,99.95213317871094,105.1500015258789,152.40171813964844,131.86854553222656,226.58489990234375,480.0291442871094,20.925853729248047,309.61102294921875
2023-02-02,148.89132690429688,259.3306579589844,107.22735595703125,112.91000366210938,187.88450622558594,131.25448608398438,225.2699432373047,454.7528076171875,21.691226959228516,320.6520690917969
2023-02-03,152.52427673339844,253.20518493652344,104.28143310546875,103.38999938964844,185.65501403808594,133.2855682373047,225.82928466796875,455.9021911621094,21.082725524902344,312.8289794921875
2023-02-06,149.78970336914062,251.6566162109375,102.4103775024414,102.18000030517578,185.1872100830078,134.0696563720703,225.15220642089844,459.0122375488281,21.071735382080078,310.72454833984375
2023-02-07,152.67234802246094,262.23175048828125,107.1278305053711,102.11000061035156,190.72113037109375,135.7039794921875,226.99705505371094,460.59625244140625,22.15484619140625,306.8837890625
2023-02-08,149.97726440429688,261.4183044433594,98.89718627929688,100.05000305175781,182.5695343017578,134.74984741210938,225.89796447753906,466.7197570800781,22.186819076538086,302.7221984863281
2023-02-09,148.94068908691406,258.37017822265625,94.55792236328125,98.23999786376953,177.08538818359375,132.6526641845703,225.5046844482422,469.14404296875,22.318714141845703,297.7773132324219
2023-02-10,149.3065185546875,257.860595703125,94.12002563476562,97.61000061035156,173.33306884765625,133.23834228515625,223.39076232910156,477.37310791015625,21.247589111328125,298.7115478515625
2023-02-13,152.1144561767578,265.9168701171875,94.15983581542969,99.54000091552734,178.58831787109375,134.68374633789062,225.04257202148438,478.435546875,21.77016258239746,305.30780029296875
2023-02-14,151.47181701660156,266.7499694824219,94.2294921875,99.69999694824219,178.63807678222656,135.27886962890625,225.54403686523438,476.0016174316406,22.952192306518555,300.4950256347656
2023-02-15,153.5778045654297,264.61785888671875,96.4787368774414,101.16000366210938,176.32896423339844,135.8456573486328,225.08187866210938,474.4755554199219,22.745363235473633,302.6278076171875
2023-02-16,151.97604370117188,257.5730285644531,95.0555419921875,98.1500015258789,171.631103515625,133.97520446777344,222.043701171875,470.7087097167969,21.983983993530273,303.1468200683594
2023-02-17,150.82916259765625,253.554443359375,93.90106201171875,97.19999694824219,172.0690460205078,134.3719482421875,219.811767578125,482.0381774902344,21.370487213134766,300.04217529296875
2023-02-21,146.8050537109375,248.25852966308594,91.3532485961914,94.58000183105469,171.27279663085938,131.90635681152344,216.92105102539062,474.53350830078125,20.63808822631836,278.8565979003906
2023-02-22,147.230224609375,247.11880493164062,91.21391296386719,95.79000091552734,170.31729125976562,130.89549255371094,216.33111572265625,472.1961975097656,20.73700714111328,279.61151123046875
2023-02-23,147.7146759033203,250.32188415527344,90.45751953125,95.81999969482422,171.23297119140625,131.94410705566406,217.42251586914062,474.9005126953125,23.644622802734375,282.45196533203125
2023-02-24,145.05503845214844,244.86875915527344,88.70589447021484,93.5,169.59071350097656,133.13441467285156,215.8689727783203,467.7918395996094,23.266935348510742,279.9512939453125
2023-02-27,146.2513885498047,245.7923583984375,89.4423828125,93.76000213623047,168.74472045898438,134.29637145996094,216.6555938720703,466.81634521484375,23.48175621032715,279.337890625
2023-02-28,145.74713134765625,245.0652313232422,89.63147735595703,94.2300033569336,174.119384765625,135.42056274414062,216.2524871826172,459.6883544921875,23.196990966796875,279.8380432128906
2023-03-01,143.67080688476562,241.9702606201172,89.93004608154297,92.16999816894531,172.6065216064453,134.664794921875,214.69895935058594,458.992919921875,22.679414749145508,274.41192626953125
2023-03-02,144.26406860351562,246.7257843017578,91.56224060058594,92.12999725341797,173.71128845214844,133.26669311523438,215.38722229003906,461.38824462890625,23.294912338256836,276.5162658691406
2023-03-03,149.3262939453125,250.83277893066406,93.20439147949219,94.9000015258789,184.38099670410156,135.7134552001953,220.0182342529297,462.2188415527344,23.870439529418945,281.6404724121094
2023-03-06,152.09471130371094,252.38519287109375,94.6773452758789,93.75,184.0326385498047,134.9198760986328,222.9482879638672,464.3630676269531,23.534713745117188,281.4139404296875
2023-03-07,149.88987731933594,249.71267700195312,93.41339874267578,93.55000305175781,183.6444854736328,130.95220947265625,219.4282989501953,457.6986389160156,23.27288818359375,274.326904296875
2023-03-08,151.14553833007812,249.2705535888672,93.8015365600586,93.91999816894531,184.10232543945312,130.17758178710938,218.46473693847656,454.5306701660156,24.16530418395996,277.0644226074219
2023-03-09,148.89125061035156,247.91464233398438,91.88072204589844,92.25,180.83770751953125,123.13021087646484,216.32127380371094,449.03497314453125,23.420787811279297,273.7471618652344
2023-03-10,146.8248291015625,244.249755859375,90.19876098632812,90.7300033569336,178.66793823242188,126.25713348388672,212.51617431640625,446.1949462890625,22.950096130371094,272.1407165527344
2023-03-13,148.7726287841797,249.4866943359375,90.67648315429688,92.43000030517578,180.05140686035156,123.98987579345703,210.8741455078125,449.4421081542969,22.951093673706055,272.34033203125
2023-03-14,150.86868286132812,256.23675537109375,93.52287292480469,94.87999725341797,193.10987854003906,127.17346954345703,214.99392700195312,450.31439208984375,24.047382354736328,271.4373779296875
2023-03-15,151.26417541503906,260.80560302734375,95.6526870727539,96.19999694824219,196.82235717773438,121.16526794433594,212.7423095703125,451.1383361816406,24.212278366088867,273.7185974121094
2023-03-16,154.09190368652344,271.3777160644531,99.84266662597656,100.04000091552734,203.96868896484375,123.51753997802734,213.80421447753906,457.5260009765625,25.524423599243164,272.53997802734375
2023-03-17,153.2515106201172,274.5513000488281,101.136474609375,98.94999694824219,194.69241333007812,118.85079956054688,213.7451934814453,455.0833435058594,25.708309173583984,274.11785888671875
2023-03-20,155.6244354248047,267.47705078125,100.7383804321289,97.70999908447266,196.88209533691406,120.10722351074219,214.49246215820312,462.3143005371094,25.883188247680664,274.94476318359375
2023-03-21,157.4832305908203,268.99993896484375,104.42076873779297,100.61000061035156,201.21168518066406,123.32859802246094,218.22874450683594,465.3579406738281,26.181995391845703,275.1063232421875
2023-03-22,156.04959106445312,267.53594970703125,102.8781509399414,98.69999694824219,198.87269592285156,120.14500427246094,216.35076904296875,460.9184875488281,26.450820922851562,268.6238098144531
2023-03-23,157.13714599609375,272.8122253417969,105.0975341796875,98.70999908447266,203.32174682617188,119.82382202148438,218.85801696777344,455.4808349609375,27.17335319519043,269.8595275878906
2023-03-24,158.44227600097656,275.67144775390625,104.93830108642578,98.12999725341797,205.0436248779297,118.00057983398438,217.333984375,461.3740234375,26.76161766052246,269.0135498046875
2023-03-27,156.49452209472656,271.5545654296875,101.97247314453125,98.04000091552734,201.8885040283203,121.3825454711914,218.09112548828125,467.1026306152344,26.513784408569336,267.3501281738281
2023-03-28,155.87159729003906,270.4246520996094,100.54927825927734,97.23999786376953,199.73861694335938,121.7509765625,216.63592529296875,458.0687561035156,26.392858505249023,266.92242431640625
2023-03-29,158.95640563964844,275.61248779296875,100.90755462646484,100.25,204.38674926757812,121.99658203125,219.5561065673828,452.2627258300781,26.96648597717285,269.33673095703125
2023-03-30,160.52845764160156,279.09063720703125,100.40994262695312,102.0,206.86505126953125,121.62816619873047,218.6318817138672,455.6261291503906,27.36522674560547,271.23773193359375
2023-03-31,163.03982543945312,283.2664794921875,103.2364273071289,103.29000091552734,210.94581604003906,123.10186767578125,221.67996215820312,458.0784912109375,27.75897216796875,280.5147399902344
2023-04-03,164.29550170898438,282.21514892578125,103.86343383789062,102.41000366210938,212.0705108642578,122.9601821899414,225.16055297851562,479.01519775390625,27.946849822998047,282.9955749511719
2023-04-04,163.7615966796875,282.166015625,104.22172546386719,103.94999694824219,213.71278381347656,121.31641387939453,223.84303283691406,478.1040954589844,27.435178756713867,280.3626403808594
2023-04-05,161.9126739501953,279.3755798339844,103.97290802001953,101.0999984741211,210.4879608154297,121.497314453125,224.34445190429688,493.5934143066406,26.863554000854492,274.38397216796875
2023-04-06,162.80252075195312,286.50885009765625,107.90411376953125,102.05999755859375,215.0863037109375,121.364013671875,222.2010040283203,497.0634765625,27.019451141357422,274.3268737792969
2023-04-10,160.2021942138672,284.3374328613281,105.93354034423828,102.16999816894531,213.74261474609375,121.76390075683594,222.63363647460938,499.36065673828125,27.56110191345215,276.76025390625
2023-04-11,158.98611450195312,277.8919677734375,104.84872436523438,99.91999816894531,212.84686279296875,122.36373138427734,224.61978149414062,504.972900390625,27.1513671875,279.2315368652344
2023-04-12,158.29397583007812,278.5404968261719,104.14209747314453,97.83000183105469,212.9961395263672,122.34468078613281,223.99049377441406,505.1861877441406,26.477806091308594,276.0663757324219
2023-04-13,163.69236755371094,284.7795715332031,106.9188232421875,102.4000015258789,219.31637573242188,122.81121063232422,228.78868103027344,510.0714111328125,26.445825576782227,277.6917419433594
2023-04-14,163.34634399414062,281.1441650390625,108.35198211669922,102.51000213623047,220.45101928710938,132.0846710205078,230.0963897705078,496.0747985839844,26.740629196166992,277.7297668457031
2023-04-17,163.3660888671875,283.7576599121094,105.46578216552734,102.73999786376953,217.83335876464844,133.1319580078125,229.5654296875,489.83258056640625,26.984474182128906,280.7809143066406
2023-04-18,164.59213256835938,283.335205078125,104.00276947021484,102.30000305175781,216.86788940429688,134.6267547607422,229.68344116210938,488.9892578125,27.649044036865234,284.1552429199219
2023-04-19,165.73902893066406,283.4138488769531,103.68429565429688,104.30000305175781,214.68817138671875,134.4553680419922,228.67071533203125,471.27056884765625,27.912870407104492,282.21612548828125
2023-04-20,164.77008056640625,281.11468505859375,104.78901672363281,103.80999755859375,212.0705108642578,134.06503295898438,230.6666717529297,472.4918518066406,27.086408615112305,283.79400634765625
2023-04-21,163.15847778320312,280.77081298828125,104.908447265625,106.95999908447266,211.891357421875,133.8079376220703,230.12588500976562,468.9636535644531,27.101396560668945,285.1912841796875
2023-04-24,163.4649658203125,276.8504333496094,105.46578216552734,106.20999908447266,211.79180908203125,133.9888458251953,228.85752868652344,473.92645263671875,27.02444839477539,286.71209716796875
2023-04-25,161.92259216308594,270.6113586425781,103.35585021972656,102.56999969482422,206.57640075683594,131.075439453125,225.7406768798828,476.8149719238281,26.223968505859375,281.6648864746094
2023-04-26,161.9126739501953,290.2130126953125,103.21652221679688,104.9800033569336,208.41770935058594,128.75233459472656,224.3248291015625,468.1203918457031,26.93850326538086,273.81365966796875
2023-04-27,166.51023864746094,299.5078430175781,107.07805633544922,109.81999969482422,237.44093322753906,130.48513793945312,225.17039489746094,475.4094543457031,27.20832633972168,279.3836364746094
2023-04-28,167.76589965820312,301.8954162597656,106.82925415039062,105.44999694824219,239.19268798828125,131.6181182861328,228.82801818847656,476.97967529296875,27.73099136352539,285.66650390625
2023-05-01,167.6769256591797,300.2251281738281,106.6899185180664,102.05000305175781,242.03924560546875,134.4363555908203,228.61170959472656,480.4788818359375,28.891237258911133,282.96710205078125
2023-05-02,166.6387481689453,300.0777282714844,104.81886291503906,103.62999725341797,238.11773681640625,132.2655487060547,223.17442321777344,478.2398376464844,28.19169044494629,279.7163391113281
2023-05-03,165.56103515625,299.08538818359375,104.908447265625,103.6500015258789,235.91810607910156,129.4663848876953,222.19119262695312,474.41107177734375,27.783958435058594,278.57568359375
2023-05-04,163.91978454589844,300.0777282714844,104.19186401367188,104.0,232.42457580566406,127.69547271728516,221.81756591796875,472.31744384765625,27.544111251831055,271.6084289550781
2023-05-05,171.61204528808594,305.2261657714844,105.06768035888672,105.66000366210938,231.68804931640625,130.1899871826172,227.8939208984375,479.1024475097656,28.66138458251953,275.2869873046875
2023-05-08,171.54281616210938,303.2611389160156,107.25719451904297,105.83000183105469,232.17576599121094,130.50416564941406,228.3363800048828,477.49346923828125,29.132080078125,273.68060302734375
2023-05-09,169.83236694335938,301.63995361328125,106.83920288085938,106.62000274658203,232.2752685546875,129.87579345703125,229.34913635253906,475.322265625,28.552457809448242,276.1994323730469
2023-05-10,171.60215759277344,306.8572082519531,111.21826934814453,110.19000244140625,231.98666381835938,129.9424591064453,227.3925018310547,475.02178955078125,28.866252899169922,274.7261047363281
2023-05-11,171.7899932861328,304.6956481933594,116.01533508300781,112.18000030517578,234.6839141845703,129.5330352783203,227.57968139648438,473.7519836425781,28.559452056884766,273.4524841308594
2023-05-12,170.85931396484375,303.5755310058594,116.95087432861328,110.26000213623047,232.7132110595703,127.67643737792969,227.9441680908203,476.1461486816406,28.321605682373047,276.0948486328125
2023-05-15,170.36427307128906,304.0569763183594,115.95561981201172,111.19999694824219,237.73953247070312,128.75233459472656,229.35293579101562,471.9103088378906,28.934206008911133,274.2603759765625
2023-05-16,170.36427307128906,306.2972106933594,118.94135284423828,113.4000015258789,237.69970703125,127.88591003417969,227.04769897460938,464.9895324707031,29.194040298461914,268.35772705078125
2023-05-17,170.97811889648438,309.19219970703125,120.26502227783203,115.5,241.3524932861328,131.8180694580078,229.19532775878906,469.92327880859375,30.158411026000977,277.9198913574219
2023-05-18,173.314697265625,313.6429748535156,122.24555969238281,118.1500015258789,245.69204711914062,132.81776428222656,230.13124084472656,464.51458740234375,31.657440185546875,280.5527648925781
2023-05-19,173.4236297607422,313.46575927734375,122.17588806152344,116.25,244.4877471923828,132.51307678222656,229.84552001953125,464.1171875,31.24370765686035,276.4845886230469
2023-05-22,172.47315979003906,316.2622375488281,124.45498657226562,115.01000213623047,247.1551513671875,131.41819763183594,227.8456573486328,465.8619079589844,31.155765533447266,276.2755126953125
2023-05-23,169.8593292236328,310.4328918457031,121.9768295288086,114.98999786376953,245.5825653076172,130.0471649169922,221.24517822265625,464.7181701660156,30.668081283569336,280.3436584472656
2023-05-24,170.13653564453125,309.04449462890625,120.32473754882812,116.75,248.04100036621094,128.85702514648438,218.94973754882812,466.06549072265625,30.51818084716797,276.6937255859375
2023-05-25,171.27517700195312,320.9296569824219,122.89246368408203,115.0,251.50466918945312,129.1712188720703,220.06297302246094,463.03155517578125,37.95534896850586,272.5589599609375
2023-05-26,173.6909637451172,327.7929992675781,124.01708221435547,120.11000061035156,260.8108215332031,130.38038635253906,221.6687469482422,466.7342834472656,38.92072296142578,278.3381042480469
2023-05-30,175.54241943359375,326.138671875,123.08155822753906,121.66000366210938,261.2885437011719,130.87550354003906,218.34881591796875,465.1155700683594,40.084964752197266,277.92938232421875
2023-05-31,175.49293518066406,323.3619079589844,122.28536987304688,120.58000183105469,263.4782409667969,129.20932006835938,217.7478790283203,472.27862548828125,37.809444427490234,271.3619079589844
2023-06-01,178.30474853515625,327.4876708984375,123.13130950927734,122.7699966430664,271.3312072753906,130.98974609375,223.1366424560547,478.472412109375,39.74419021606445,276.0912780761719
2023-06-02,179.15625,330.2645263671875,124.07678985595703,124.25,271.3312072753906,133.7412872314453,225.39263916015625,484.23968505859375,39.301475524902344,283.3192443847656
2023-06-05,177.79981994628906,330.79620361328125,125.41041564941406,125.30000305175781,270.116943359375,132.4274139404297,223.4026336669922,482.8924255371094,39.14558410644531,280.6003723144531
2023-06-06,177.43350219726562,328.57086181640625,126.70423126220703,126.61000061035156,269.84820556640625,132.66542053222656,224.8311004638672,472.5985412597656,38.62891387939453,283.3766784667969
2023-06-07,176.05728149414062,318.4285888671875,121.91712188720703,121.2300033569336,262.36346435546875,133.9507598876953,221.9249267578125,467.3255920410156,37.454551696777344,288.8336181640625
2023-06-08,178.780029296875,320.27978515625,121.558837890625,124.25,263.3388671875,133.9888458251953,219.73788452148438,475.1768493652344,38.488990783691406,288.2496643066406
2023-06-09,179.16616821289062,321.786376953125,121.64840698242188,123.43000030517578,263.7071533203125,134.2554473876953,220.2403106689453,478.4627685546875,38.74884796142578,284.66912841796875
2023-06-12,181.9680938720703,326.76885986328125,123.05168914794922,126.56999969482422,269.7785339355469,134.2459259033203,222.8115692138672,477.46435546875,39.46045684814453,288.0294189453125
2023-06-13,181.49282836914062,329.17156982421875,123.24079895019531,126.66000366210938,270.0472717285156,135.21705627441406,220.08267211914062,476.22369384765625,40.99961853027344,287.2826843261719
2023-06-14,182.12648010253906,332.1748352050781,123.08155822753906,126.41999816894531,272.0677490234375,134.7124481201172,220.12208557128906,445.7394104003906,42.973541259765625,286.92852783203125
2023-06-15,184.1660614013672,342.7700500488281,124.49478912353516,127.11000061035156,280.5079650878906,136.23580932617188,222.8115692138672,453.4380187988281,42.629730224609375,289.1399841308594
2023-06-16,183.0868682861328,337.08837890625,122.94222259521484,125.48999786376953,279.6818542480469,136.3976593017578,225.5108642578125,446.2357177734375,42.66870880126953,287.56988525390625
2023-06-20,183.17599487304688,332.8739929199219,122.51426696777344,125.77999877929688,282.9962158203125,135.70263671875,223.10708618164062,456.8444519042969,43.78409957885742,288.55596923828125
2023-06-21,182.1364288330078,328.4527282714844,119.97640228271484,124.83000183105469,280.3188781738281,135.502685546875,223.87551879882812,464.0077209472656,43.021507263183594,287.8763122558594
2023-06-22,185.14625549316406,334.508544921875,122.56402587890625,130.14999389648438,283.5436706542969,132.89393615722656,224.9985809326172,466.2462158203125,43.00152587890625,288.3357849121094
2023-06-23,184.8294219970703,329.89031982421875,121.75788116455078,129.3300018310547,287.3756103515625,132.1988983154297,226.141357421875,464.25103759765625,42.18596649169922,287.9815673828125
2023-06-26,183.43341064453125,323.568603515625,117.77691650390625,127.33000183105469,277.1637268066406,132.52261352539062,222.93960571289062,466.2559509277344,40.60982894897461,294.7596130371094
2023-06-27,186.1957244873047,329.447265625,117.76696014404297,129.17999267578125,285.70343017578125,132.53213500976562,223.9641876220703,469.66241455078125,41.8531494140625,300.3601379394531
2023-06-28,187.37396240234375,330.7076416015625,119.608154296875,129.0399932861328,283.9517517089844,131.9513702392578,224.57496643066406,461.7691650390625,41.094566345214844,293.4384765625
2023-06-29,187.7105712890625,329.919921875,118.5333023071289,127.9000015258789,280.20941162109375,136.5595245361328,230.8405303955078,463.7059631347656,40.79972457885742,294.692626953125
2023-06-30,192.04718017578125,335.3258361816406,119.13043975830078,130.36000061035156,285.6337890625,138.47325134277344,233.95359802246094,467.79376220703125,42.27891540527344,297.3923645019531
2023-07-03,190.55213928222656,332.8148498535156,119.3294906616211,130.22000122070312,284.6783142089844,139.5872039794922,234.4363250732422,465.1075439453125,42.389862060546875,296.7987976074219
2023-07-05,189.43333435058594,332.972412109375,121.17068481445312,130.3800048828125,292.9891357421875,138.65731811523438,235.8943634033203,458.62554931640625,42.293914794921875,297.5455627441406
2023-07-06,189.90859985351562,336.044677734375,119.53849029541016,128.36000061035156,290.6202697753906,137.28646850585938,235.3328094482422,456.815185546875,42.08003234863281,289.1399841308594
2023-07-07,188.789794921875,332.0566101074219,118.9114990234375,129.77999877929688,289.16717529296875,138.36972045898438,232.93890380859375,449.2431640625,42.47980880737305,289.8962707519531
2023-07-10,186.74032592773438,326.7492370605469,115.89590454101562,127.12999725341797,292.7204284667969,139.14620971679688,234.62351989746094,450.67388916015625,42.156986236572266,297.0477294921875
2023-07-11,186.21556091308594,327.3793640136719,116.5826187133789,128.77999877929688,296.89080810546875,141.32232666015625,236.97801208496094,450.5181884765625,42.38186264038086,300.2835998535156
2023-07-12,187.88882446289062,332.0369873046875,118.36410522460938,130.8000030517578,307.888916015625,142.02212524414062,238.61337280273438,439.62725830078125,43.87804412841797,303.9789123535156
2023-07-13,188.65118408203125,337.413330078125,123.94741821289062,134.3000030517578,311.9398193359375,142.7123565673828,239.697021484375,435.7828369140625,45.95191955566406,301.1834716796875
2023-07-14,188.7996826171875,339.953857421875,124.82322692871094,134.67999267578125,307.4211120605469,143.5751190185547,239.5492706298828,467.3363037109375,45.44419479370117,303.00244140625
2023-07-17,192.0669708251953,340.4363708496094,124.05689239501953,133.55999755859375,309.1629333496094,147.0358123779297,240.36692810058594,471.14178466796875,46.435646057128906,302.5716552734375
2023-07-18,191.80955505371094,353.9856872558594,123.1711196899414,132.8300018310547,310.586181640625,147.30422973632812,237.19471740722656,486.6363220214844,47.46808624267578,303.2514343261719
2023-07-19,193.16598510742188,349.6431579589844,121.44934844970703,135.36000061035156,314.5276794433594,147.86981201171875,237.83509826660156,490.2373962402344,47.05131530761719,305.8553771972656
2023-07-20,191.2154998779297,341.5588684082031,118.63282012939453,129.9600067138672,301.1009216308594,149.6912078857422,236.0618133544922,490.7629699707031,45.49516677856445,305.4820251464844
2023-07-21,190.03729248046875,338.5063781738281,119.44891357421875,130.0,292.8796691894531,148.5408477783203,235.6973114013672,492.9917907714844,44.28482437133789,306.8031311035156
2023-07-24,190.83924865722656,339.82586669921875,120.95173645019531,128.8000030517578,290.2420654296875,151.46470642089844,237.16519165039062,495.0843200683594,44.58766174316406,311.2452697753906
2023-07-25,191.7006378173828,345.6060485839844,121.62849426269531,129.1300048828125,293.08868408203125,150.3335418701172,235.14564514160156,497.274169921875,45.654083251953125,311.2644348144531
2023-07-26,192.5718994140625,332.5981750488281,128.6549072265625,128.14999389648438,297.1694641113281,151.23463439941406,233.5792694091797,494.4224853515625,45.42720031738281,315.5341796875
2023-07-27,191.30459594726562,325.6561584472656,128.78427124023438,128.25,310.247802734375,149.56661987304688,230.95875549316406,491.72650146484375,45.87495422363281,315.64910888671875
2023-07-28,193.88873291015625,333.1890563964844,131.94915771484375,132.2100067138672,323.9532165527344,150.4197998046875,232.24928283691406,489.4685363769531,46.72449493408203,317.2382507324219
2023-07-31,194.50259399414062,330.7765808105469,132.0885009765625,133.67999267578125,317.10546875,151.42636108398438,234.1998748779297,492.8360290527344,46.70349884033203,319.60296630859375
2023-08-01,193.67091369628906,331.19012451171875,130.92405700683594,131.69000244140625,321.1961975097656,150.6786346435547,236.21945190429688,491.2496337890625,46.48162078857422,317.9084777832031
2023-08-02,190.6709747314453,322.4854736328125,127.7691421508789,128.2100067138672,312.8356018066406,148.97225952148438,234.03240966796875,491.3080139160156,44.24484634399414,314.4906921386719
2023-08-03,189.27493286132812,321.6582946777344,127.83879852294922,128.91000366210938,311.72088623046875,149.88296508789062,235.214599609375,491.3663635253906,44.4907112121582,315.78314208984375
2023-08-04,180.18592834472656,322.76116943359375,127.50041961669922,139.57000732421875,309.2723693847656,149.56661987304688,235.44117736816406,489.2933654785156,44.65562438964844,312.5090026855469
2023-08-07,177.0770721435547,325.0555114746094,130.90415954589844,142.22000122070312,315.0750427246094,150.27598571777344,237.92376708984375,497.0892639160156,45.3922233581543,315.13214111328125
2023-08-08,178.01763916015625,321.0576477050781,130.77476501464844,139.94000244140625,311.1734619140625,149.43238830566406,235.73670959472656,492.33966064453125,44.63963317871094,313.83013916015625
2023-08-09,176.42359924316406,317.29620361328125,129.04306030273438,137.85000610351562,303.7782897949219,147.42881774902344,236.19973754882812,488.6899108886719,42.53078079223633,314.2130432128906
2023-08-10,176.20578002929688,317.9854736328125,129.0729217529297,138.55999755859375,304.3058166503906,147.2083282470703,237.0386962890625,490.0232849121094,42.364871978759766,315.352294921875
2023-08-11,176.26527404785156,316.0948486328125,128.94351196289062,138.41000366210938,300.2250671386719,148.06153869628906,236.92025756835938,494.4322204589844,40.83271026611328,316.9893798828125
2023-08-14,177.9209747314453,319.0784606933594,130.70510864257812,140.57000732421875,304.75372314453125,148.36830139160156,239.74307250976562,497.274169921875,43.7291259765625,315.8788757324219
2023-08-15,175.92816162109375,316.9317932128906,129.16249084472656,137.6699981689453,300.5335693359375,144.59129333496094,236.71299743652344,493.1474914550781,43.9160270690918,317.9754638671875
2023-08-16,175.0557403564453,316.1622009277344,128.08761596679688,135.07000732421875,292.9095153808594,143.9777374267578,236.1800079345703,490.1011657714844,43.462276458740234,318.8275146484375
2023-08-17,172.50778198242188,312.6887512207031,129.30181884765625,133.97999572753906,283.7526550292969,142.48228454589844,234.2849578857422,480.7576904296875,43.32034683227539,313.3227233886719
2023-08-18,172.99359130859375,312.29400634765625,126.85350799560547,133.22000122070312,281.9212951660156,142.80821228027344,235.0745849609375,485.1180114746094,43.27537155151367,313.4089050292969
2023-08-21,174.3319854736328,317.6225891113281,127.7591781616211,134.67999267578125,288.5400695800781,143.29710388183594,236.3478240966797,484.3782958984375,46.941375732421875,310.2400207519531
2023-08-22,175.71006774902344,318.19488525390625,128.4658203125,134.25,286.25091552734375,140.32534790039062,237.44337463378906,479.1810607910156,45.64308166503906,310.6421813964844
2023-08-23,179.56671142578125,322.67486572265625,131.7401580810547,135.52000427246094,292.8597412109375,141.27439880371094,239.15087890625,476.3585205078125,47.090293884277344,312.1835021972656
2023-08-24,174.8673858642578,315.73785400390625,129.16249084472656,131.83999633789062,285.4048767089844,141.14016723632812,236.357666015625,475.05438232421875,47.137264251708984,308.8327331542969
2023-08-25,177.07823181152344,318.70806884765625,129.2620086669922,133.25999450683594,284.1607666015625,140.96762084960938,239.41738891601562,476.047119140625,45.992897033691406,309.0911560058594
2023-08-28,178.6446990966797,319.41851806640625,130.38661193847656,133.13999938964844,288.8984375,141.45651245117188,240.66099548339844,478.14935302734375,46.809444427490234,312.0111389160156
2023-08-29,182.54098510742188,324.0661926269531,133.9296875,134.91000366210938,296.5921630859375,142.60687255859375,242.15138244628906,479.657958984375,48.757381439208984,315.3332214355469
2023-08-30,186.04071044921875,324.44122314453125,135.23345947265625,135.07000732421875,293.7157287597656,142.0316925048828,243.0298309326172,478.3927001953125,49.237125396728516,318.55120849609375
2023-08-31,186.25881958007812,323.42486572265625,135.52207946777344,138.00999450683594,294.5020446777344,140.2774200439453,242.48695373535156,463.84222412109375,49.32807540893555,318.23321533203125
2023-09-01,187.83518981933594,324.3128967285156,135.01451110839844,138.1199951171875,294.9897155761719,140.7471466064453,244.8853759765625,463.5113525390625,48.48253631591797,320.91162109375
2023-09-05,188.07313537597656,329.1382141113281,135.1239776611328,137.27000427246094,298.7420349121094,139.1941375732422,242.15138244628906,467.9591979980469,48.52151107788086,315.8052978515625
2023-09-06,181.3413543701172,328.47711181640625,133.82022094726562,135.36000061035156,297.7666320800781,138.96408081054688,242.96070861816406,464.192626953125,47.03919982910156,314.0903015136719
2023-09-07,176.03724670410156,325.5463562011719,134.61639404296875,137.85000610351562,297.2690124511719,137.77537536621094,243.927978515625,471.852294921875,46.219581604003906,316.4219055175781
2023-09-08,176.6519012451172,329.84869384765625,135.7310791015625,138.22999572753906,296.49261474609375,137.8808135986328,244.07603454589844,469.7418518066406,45.55088424682617,316.7013244628906
2023-09-11,177.82179260253906,333.47015380859375,136.2685089111328,143.10000610351562,306.1172790527344,138.48475646972656,244.0069580078125,468.3837585449219,45.157073974609375,316.37371826171875
2023-09-12,174.7880401611328,327.3817443847656,134.69602966308594,141.22999572753906,300.2449645996094,140.2869873046875,244.08592224121094,468.8918151855469,44.84920883178711,314.36004638671875
2023-09-13,172.71597290039062,331.614990234375,136.05950927734375,144.85000610351562,303.6289978027344,140.35409545898438,244.60903930664062,468.8332214355469,45.463924407958984,313.97467041015625
2023-09-14,174.23287963867188,334.2200927734375,137.44290161132812,144.72000122070312,310.2577209472656,143.07662963867188,238.3612823486328,472.50689697265625,45.55988693237305,317.58770751953125
2023-09-15,173.50909423828125,325.8522644042969,136.7462158203125,140.38999938964844,298.90130615234375,142.65484619140625,237.93687438964844,475.53582763671875,43.879661560058594,309.6583557128906
2023-09-18,176.4437255859375,324.7076110839844,137.55238342285156,139.97999572753906,301.13079833984375,142.95201110839844,241.48020935058594,474.9105224609375,43.94563293457031,305.66961669921875
2023-09-19,177.5343017578125,324.30303955078125,137.38316345214844,137.6300048828125,303.6389465332031,142.7698516845703,240.39453125,469.63433837890625,43.49983596801758,303.1164245605469
2023-09-20,173.98500061035156,316.5272216796875,133.1036376953125,135.2899932861328,298.2642822265625,142.16592407226562,238.71661376953125,480.84130859375,42.21943283081055,299.5034484863281
2023-09-21,172.43836975097656,315.3036804199219,129.81935119628906,129.3300018310547,294.3427429199219,141.0539093017578,233.53485107421875,489.64459228515625,40.99799346923828,295.55322265625
2023-09-22,173.2909698486328,312.8170166015625,129.63023376464844,129.1199951171875,297.6770324707031,139.7022247314453,232.0247344970703,494.4908447265625,41.590721130371094,294.5608215332031
2023-09-25,174.56993103027344,313.34002685546875,130.4861602783203,131.27000427246094,299.4188232421875,140.39244079589844,230.3270721435547,498.5749206542969,42.20243453979492,295.29302978515625
2023-09-26,170.4852752685547,308.0114440917969,127.95824432373047,125.9800033569336,297.5575866699219,138.935302734375,226.66531372070312,493.8557434082031,41.89158248901367,291.48736572265625
2023-09-27,168.96836853027344,308.65283203125,129.9188690185547,125.9800033569336,296.3433532714844,139.75015258789062,226.51724243164062,492.1752014160156,42.44832229614258,290.7936706542969
2023-09-28,169.2261505126953,309.4915771484375,131.68043518066406,125.9800033569336,302.5341796875,141.4852752685547,228.64918518066406,498.3990478515625,43.06903839111328,292.40264892578125
2023-09-29,169.74171447753906,311.5736389160156,130.23733520507812,127.12000274658203,298.8017578125,139.02159118652344,227.02059936523438,492.6246337890625,43.47884750366211,291.1212463378906
2023-10-02,172.2599334716797,317.54364013671875,133.53158569335938,129.4600067138672,305.3807067871094,137.82330322265625,228.26426696777344,502.7665710449219,44.761253356933594,288.8763427734375
2023-10-03,170.92149353027344,309.2449645996094,131.79986572265625,124.72000122070312,299.5283508300781,136.80714416503906,225.83621215820312,497.7835388183594,43.49683380126953,281.2746276855469
2023-10-04,172.17068481445312,314.7411804199219,134.59649658203125,127.0,304.1465148925781,137.420654296875,228.2148895263672,498.9071044921875,44.020599365234375,281.70819091796875
2023-10-05,173.40994262695312,315.1358947753906,134.4273223876953,125.95999908447266,303.3602600097656,138.00009155273438,230.4455108642578,504.388427734375,44.66729736328125,281.0433654785156
2023-10-06,175.9678497314453,322.9314270019531,136.9253692626953,127.95999908447266,313.9503479003906,140.12464904785156,231.9852294921875,512.7716674804688,45.74080276489258,282.1224670410156
2023-10-09,177.4550018310547,325.45751953125,137.7613525390625,128.25999450683594,316.8666076660156,139.8059844970703,231.39306640625,514.4326171875,45.25202941894531,284.56964111328125
2023-10-10,176.86012268066406,324.0465087890625,137.40309143066406,129.47999572753906,320.3302917480469,140.65577697753906,233.52496337890625,512.2147216796875,45.77678298950195,288.28863525390625
2023-10-11,178.25802612304688,328.023193359375,139.88125610351562,131.8300018310547,326.2822570800781,141.13865661621094,232.61692810058594,512.1072387695312,46.784324645996094,287.161376953125
2023-10-12,179.1602325439453,326.7798767089844,138.3087615966797,132.3300018310547,322.639404296875,140.810302734375,233.70265197753906,513.4848022460938,46.92325210571289,282.3151550292969
2023-10-13,177.3162078857422,323.395263671875,136.70640563964844,129.7899932861328,313.2138366699219,142.92523193359375,234.58108520507812,527.0269775390625,45.439937591552734,281.2554016113281
2023-10-16,177.18731689453125,328.24029541015625,138.43812561035156,132.5500030517578,319.64349365234375,142.78036499023438,236.9498748779297,525.6884155273438,46.073646545410156,286.4676818847656
2023-10-17,175.63076782226562,327.66790771484375,139.05519104003906,131.47000122070312,322.4801330566406,142.47134399414062,238.06517028808594,524.3399658203125,43.91764450073242,285.12847900390625
2023-10-18,174.3319854736328,325.74371337890625,137.30355834960938,128.1300048828125,315.483154296875,140.9069061279297,234.3836669921875,523.7635498046875,42.17645263671875,279.63671875
2023-10-19,173.9552764892578,326.937744140625,137.09454345703125,128.39999389648438,311.3426513671875,140.30813598632812,230.771240234375,519.4351806640625,42.08150100708008,276.2934875488281
2023-10-20,171.39736938476562,322.3492431640625,134.9547882080078,125.16999816894531,307.2021484375,138.0483856201172,230.34681701660156,514.9407348632812,41.367820739746094,275.9466247558594
2023-10-23,171.516357421875,324.9642333984375,135.8505096435547,126.55999755859375,312.5370178222656,136.16525268554688,228.5208740234375,509.6059265136719,42.95509338378906,274.6556091308594
2023-10-24,171.9525604248047,326.1581726074219,138.14952087402344,128.55999755859375,311.0838623046875,136.3294219970703,231.60031127929688,512.9573364257812,43.642765045166016,272.9598693847656
2023-10-25,169.6326446533203,336.16412353515625,125.01231384277344,121.38999938964844,298.1249694824219,135.58580017089844,233.771728515625,518.0477294921875,41.759639739990234,270.6668395996094
2023-10-26,165.458740234375,323.5531005859375,121.69816589355469,119.56999969482422,286.99737548828125,135.9334716796875,228.27410888671875,516.2401123046875,40.30731964111328,267.8438720703125
2023-10-27,166.77734375,325.4477233886719,121.58868408203125,127.73999786376953,295.33807373046875,131.03733825683594,226.29022216796875,512.6250610351562,40.48123550415039,266.360107421875
2023-10-30,168.82955932617188,332.8484802246094,123.8677978515625,132.7100067138672,301.240234375,132.7080078125,230.05072021484375,517.8328247070312,41.14193344116211,271.1967468261719
2023-10-31,169.30548095703125,333.6379089355469,123.4896011352539,133.08999633789062,299.85675048828125,134.29177856445312,232.04446411132812,523.2750244140625,40.761104583740234,274.28948974609375
2023-11-01,172.47802734375,341.49267578125,125.84832763671875,137.0,310.38714599609375,134.17588806152344,235.47923278808594,519.40576171875,42.305397033691406,276.1585998535156
2023-11-02,176.0471649169922,343.7129211425781,126.88337707519531,138.07000732421875,309.4117431640625,136.57083129882812,240.0885467529297,523.8319702148438,43.48584747314453,283.7699890136719
2023-11-03,175.1350555419922,348.1336364746094,128.4857177734375,138.60000610351562,313.1242980957031,138.09666442871094,240.4340057373047,518.721923828125,44.98414993286133,284.810546875
2023-11-06,177.69288635253906,351.81427001953125,129.63023376464844,139.74000549316406,314.318603515625,139.13966369628906,240.325439453125,521.2232055664062,45.72980499267578,283.8085021972656
2023-11-07,180.26071166992188,355.7613830566406,130.34681701660156,142.7100067138672,317.3244934082031,139.072021484375,241.5887908935547,525.4929809570312,45.933712005615234,284.0012512207031
2023-11-08,181.321533203125,358.39605712890625,131.21267700195312,142.0800018310547,318.2799377441406,139.75770568847656,241.2524871826172,524.418212890625,46.55242919921875,285.10919189453125
2023-11-09,180.84564208984375,355.91925048828125,129.62030029296875,140.60000610351562,319.04632568359375,139.34243774414062,239.00723266601562,526.6361694335938,46.928245544433594,277.3533020019531
2023-11-10,185.04489135742188,364.7804870605469,131.9591064453125,143.55999755859375,327.2277526855469,141.4090576171875,242.577880859375,528.7954711914062,48.31260681152344,280.9373779296875
2023-11-13,183.45651245117188,361.8300476074219,131.46148681640625,142.58999633789062,327.6457824707031,140.78134155273438,242.0041961669922,530.124267578125,48.597476959228516,277.5459899902344
2023-11-14,186.07733154296875,365.3725280761719,132.9842071533203,145.8000030517578,334.7323913574219,143.3501434326172,244.24948120117188,528.0626831054688,49.63299560546875,292.53753662109375
2023-11-15,186.6431884765625,365.5208435058594,133.9794464111328,143.1999969482422,331.1492919921875,144.60557556152344,245.40672302246094,526.0596923828125,48.865352630615234,296.9309387207031
2023-11-16,188.33084106445312,371.94793701171875,136.27845764160156,142.8300018310547,332.622314453125,146.25692749023438,245.8617401123047,527.4373168945312,49.45707702636719,295.244873046875
2023-11-17,188.31097412109375,365.6988830566406,134.66616821289062,145.17999267578125,333.4683837890625,147.5799560546875,246.8409423828125,523.9882202148438,49.27516555786133,296.0445556640625
2023-11-20,190.05816650390625,373.2037048339844,135.60169982910156,146.1300048828125,338.375244140625,148.03384399414062,247.24644470214844,522.8255615234375,50.38564682006836,296.9309387207031
2023-11-21,189.2540740966797,368.88275146484375,136.31826782226562,143.89999389648438,335.3992919921875,147.7248077392578,249.48184204101562,527.212646484375,49.920860290527344,294.1850891113281
2023-11-22,189.919189453125,373.60906982421875,137.83103942871094,146.7100067138672,339.8880615234375,148.07244873046875,250.9556121826172,531.2869873046875,48.69343185424805,297.904052734375
2023-11-24,188.5889434814453,373.1937255859375,136.0395965576172,146.74000549316406,336.64337158203125,148.27523803710938,251.529296875,534.5502319335938,47.753868103027344,299.3492736816406
2023-11-27,188.41024780273438,374.36053466796875,135.7609405517578,147.72999572753906,333.1299743652344,147.93728637695312,251.3710174560547,531.1209106445312,48.21965026855469,299.56121826171875
2023-11-28,189.01580810546875,378.40460205078125,136.5471649169922,147.02999877929688,337.3998107910156,148.27523803710938,250.18409729003906,528.131103515625,47.79884338378906,301.8927917480469
2023-11-29,187.9932861328125,374.59783935546875,134.3477020263672,146.32000732421875,330.6416931152344,149.0285186767578,251.4600372314453,522.7083129882812,48.11769485473633,301.669677734375
2023-11-30,188.56910705566406,374.65716552734375,131.89938354492188,146.08999633789062,325.6153869628906,150.72817993164062,253.88333129882812,540.28564453125,46.74832534790039,304.0654602050781
2023-12-01,189.84970092773438,370.3065490722656,131.23257446289062,147.02999877929688,323.29632568359375,151.4621124267578,253.6558837890625,536.4327392578125,46.74333190917969,310.0111999511719
2023-12-04,188.05287170410156,364.996826171875,128.6549072265625,144.83999633789062,318.5188293457031,152.57266235351562,251.66775512695312,537.5308227539062,45.488914489746094,314.27886962890625
2023-12-05,192.01385498046875,368.3388977050781,130.36672973632812,146.8800048828125,316.79693603515625,152.55335998535156,251.83592224121094,539.4720458984375,46.54852294921875,313.7745056152344
2023-12-06,190.92185974121094,364.66064453125,129.40135192871094,144.52000427246094,315.9609069824219,150.95028686523438,251.51937866210938,538.75634765625,45.48591995239258,316.3060607910156
2023-12-07,192.85768127441406,366.7865295410156,136.27845764160156,146.8800048828125,325.0579833984375,151.41383361816406,253.03273010253906,537.5210571289062,46.57850646972656,316.3642578125
2023-12-08,194.2872314453125,370.0296936035156,134.3477020263672,147.4199981689453,331.1890869140625,153.0845184326172,252.95361328125,538.9915771484375,47.48816680908203,316.6552429199219
2023-12-11,191.77561950683594,367.132568359375,132.65576171875,145.88999938964844,323.754150390625,153.64462280273438,253.72509765625,533.02099609375,46.6094970703125,321.3691101074219
2023-12-12,193.29449462890625,370.177978515625,131.88943481445312,147.47999572753906,332.6521911621094,155.01593017578125,256.73199462890625,535.02099609375,47.63911056518555,323.18292236328125
2023-12-13,196.52084350585938,370.16815185546875,131.939208984375,148.83999633789062,333.16973876953125,155.53741455078125,259.521240234375,538.2464599609375,48.069950103759766,333.07623291015625
2023-12-14,196.6697540283203,361.82281494140625,131.3122100830078,147.4199981689453,331.6071472167969,158.36695861816406,255.91102600097656,523.7659912109375,48.33184814453125,341.2333984375
2023-12-15,196.13368225097656,366.5690002441406,131.9690704345703,149.97000122070312,333.34893798828125,159.56443786621094,255.21864318847656,520.707275390625,48.871646881103516,343.3575744628906
2023-12-18,194.4658966064453,368.4673767089844,135.15383911132812,154.07000732421875,343.00341796875,160.53013610839844,255.554931640625,516.226806640625,50.058197021484375,340.2635192871094
2023-12-19,195.50827026367188,369.0705871582031,135.99978637695312,153.7899932861328,348.71649169921875,162.67401123046875,257.1572570800781,513.7660522460938,49.58537673950195,341.4856262207031
2023-12-20,193.4136199951172,366.460205078125,137.68173217773438,152.1199951171875,347.6416015625,160.83914184570312,254.3086395263672,505.8149719238281,48.09293746948242,338.17816162109375
2023-12-21,193.2646942138672,369.347412109375,139.75186157226562,153.83999633789062,352.4289855957031,161.756591796875,256.71221923828125,509.68756103515625,48.97161102294922,338.47882080078125
2023-12-22,192.19256591796875,370.375732421875,140.81675720214844,153.4199981689453,351.7322692871094,161.66001892089844,255.6143035888672,510.109130859375,48.81167221069336,338.1102600097656
2023-12-26,191.6465606689453,370.4548645019531,140.84661865234375,153.41000366210938,353.1654968261719,162.61605834960938,256.33636474609375,509.83465576171875,49.260498046875,338.8085632324219
2023-12-27,191.74581909179688,369.87152099609375,139.7020721435547,153.33999633789062,356.1514587402344,163.5914306640625,256.1088562011719,512.5404663085938,49.3984489440918,338.0520935058594
2023-12-28,192.17269897460938,371.0679016113281,139.562744140625,153.3800048828125,356.63916015625,164.46058654785156,257.5627746582031,514.6091918945312,49.50341033935547,336.9172058105469
2023-12-29,191.1303253173828,371.8193664550781,139.02532958984375,151.94000244140625,352.2995910644531,164.26744079589844,257.51336669921875,516.1483764648438,49.50341033935547,336.1315612792969
