Date,AAPL,MSFT,Spread,Z-Score
2022-01-03,5.185404293104644,5.7839422690745765,0.9640484569263252,
2022-01-04,5.172631356413367,5.766646563861466,0.9638986279262447,
2022-01-05,5.145671075698524,5.727502219919155,0.9655074782758231,
2022-01-06,5.128836988485943,5.719569173365177,0.9544632504379393,
2022-01-07,5.129824946340321,5.720078715223002,0.9550793239623507,
2022-01-10,5.129941149708264,5.7208108395867825,0.9546611932529325,
2022-01-11,5.14658554491353,5.723067565454407,0.9696585383202869,
2022-01-12,5.149152671985951,5.733458303480542,0.9646420830247875,
2022-01-13,5.129941149708264,5.690214072860889,0.9769919555216235,
2022-01-14,5.135038799448847,5.707775752292707,0.9692723787903974,
2022-01-18,5.1159637963022035,5.683135399117069,0.9681809055347115,
2022-01-19,5.094714877168117,5.685379721570936,0.9452939887775242,
2022-01-20,5.084313893483725,5.679659823914979,0.9390676185711087,
2022-01-21,5.071466696002802,5.661019141288381,0.93982514788991,
2022-01-24,5.066590637169801,5.662167026294875,0.9341113159869154,
2022-01-25,5.05514053618699,5.635218610079332,0.9423292629850613,
2022-01-26,5.054577123896637,5.663313595172002,0.9212609902083919,
2022-01-27,5.051629539405492,5.673807236433374,0.9106547203914435,
2022-01-28,5.1190804333934885,5.701501738546749,0.9578930426268784,
2022-01-31,5.144870695541925,5.710287051137327,0.9772714270539238,
2022-02-01,5.143897676236503,5.703122772237122,0.9815271892854636,
2022-02-02,5.150917226932286,5.718230013392864,0.9775208621881148,
2022-02-03,5.134055981781974,5.67849867884723,0.9896571576702753,
2022-02-04,5.132375064027724,5.6939473827275515,0.9767011487666428,
2022-02-07,5.128131649485537,5.677502561201697,0.9844598324636182,
2022-02-08,5.146429964739921,5.689426377211492,0.9940556628105028,
2022-02-09,5.154689486324121,5.711026073793087,0.9865508491052735,
2022-02-10,5.130807599186564,5.682242951646001,0.9836760528075903,
2022-02-11,5.110382213088993,5.657669296669555,0.9811855175479494,
2022-02-14,5.1118042983728715,5.657533466829725,0.9827067369622222,0.9143043780451954
2022-02-15,5.134692910337447,5.6759062668818805,0.9921861337031617,1.2862962275245926
2022-02-16,5.133302847340487,5.674738029856279,0.9916486975058207,1.1869456619479988
2022-02-17,5.1118042983728715,5.6450189129613175,0.9918403663367803,1.1290975723832655
2022-02-18,5.102404351197746,5.635341383109356,0.9895034732551915,0.9617900652629912
2022-02-22,5.084431633224794,5.634611604453139,0.9720633773670091,0.17026866428513196
2022-02-23,5.058227095116,5.6083771466893655,0.9650058113817455,-0.15804182490271246
2022-02-24,5.074769757172932,5.658208385809421,0.9451796124961733,-0.9862879256194113
2022-02-25,5.087651905821316,5.667399187278481,0.9513539411809981,-0.6912833866208562
2022-02-28,5.0892883459902665,5.6723648077341995,0.9493662699885554,-0.7327480119578633
2022-03-01,5.077592267508502,5.659430004881467,0.9471105356478695,-0.7893878438473786
2022-03-02,5.097971520321325,5.67703939347301,0.9546377419076189,-0.4479580174487664
2022-03-03,5.095988115656776,5.662712812037907,0.9631104578853718,-0.11487652416191742
2022-03-04,5.07740854095209,5.6420221004409274,0.9596318043329592,-0.3006183382501161
2022-03-07,5.0534050974359115,5.603512986127103,0.9637338755145839,-0.15914247248989116
2022-03-08,5.041660136460575,5.592481224899577,0.9600403416584511,-0.3790648418647003
2022-03-09,5.076059291156794,5.637318924755797,0.9617151230529384,-0.3391419771250252
2022-03-10,5.048496562332569,5.627181036823804,0.9415514363348318,-1.430156347374869
2022-03-11,5.024297540911286,5.607663363832859,0.9315972048779084,-2.1886584811693757
2022-03-14,4.9973759830456626,5.594617666959901,0.9141969261104741,-2.6885718696961685
2022-03-15,5.026621435787278,5.632628477941165,0.9157005461523475,-2.2763053664563433
2022-03-16,5.055223916427837,5.6575292052029145,0.9261294653254124,-1.6543637573413077
2022-03-17,5.061657143564913,5.660344736178379,0.9305078036751695,-1.3601990960785555
2022-03-18,5.082360188670737,5.67783867784642,0.9384430600786411,-0.9642919501674662
2022-03-21,5.0908616537749225,5.673602500727009,0.9500362591895302,-0.44434999479109644
2022-03-22,5.111448989592565,5.689848876267154,0.9587663307032352,-0.04305143754368409
2022-03-23,5.1196488886503815,5.674704936796707,0.9780188914738268,0.8243726783200871
2022-03-24,5.142073496651341,5.689980593436853,0.9892947052252108,1.3085340209401628
2022-03-25,5.145800470489231,5.688598401241153,0.994030459030224,1.4711626719274817
2022-03-28,5.150824479740508,5.711451761508307,0.9823751583485762,0.9687346766391195
2022-03-29,5.16977811366603,5.726497380204924,0.9903478890528712,1.2823259101275126
2022-03-30,5.1631064462816845,5.7215708093525315,0.9872718330444004,1.1699801064558972
2022-03-31,5.145170846486753,5.703729677852318,0.9823574151836549,0.9896885273389804
2022-04-01,5.143451162341291,5.707323560884604,0.9780147693267676,0.8411467376310648
2022-04-04,5.166868329287977,5.725101054924089,0.9884571995411298,1.308296405228847
2022-04-05,5.1477447073865745,5.712030934810389,0.9788726818103406,0.865976070260732
2022-04-06,5.129121388393891,5.674738029856279,0.9874672385592245,1.182598947339591
2022-04-07,5.130924139410528,5.680962421086818,0.9847271762099368,0.9972072163125503
2022-04-08,5.118943517875351,5.66625507800953,0.9834805706185117,0.8886735021696568
2022-04-11,5.093096480390116,5.626025022719164,0.9869950604081561,0.9722785182569056
2022-04-12,5.104553829224761,5.614743564205653,1.006686075576444,1.6386843562635203
2022-04-13,5.120764420614289,5.634264017772938,1.0086498476241372,1.5760171719906437
2022-04-14,5.090317359823225,5.606805949587152,0.9982427995085104,1.1089713194488502
2022-04-18,5.088985614961932,5.609268883008846,0.9951135058664535,0.9347527156866017
2022-04-19,5.103002025998997,5.626165090244253,0.9967983790519348,0.9418173624275858
2022-04-20,5.101985989018751,5.629873472965959,0.9930758138394218,0.7607916391423418
2022-04-21,5.097130621342705,5.610302243822421,1.0025043235817224,1.0338416094067973
2022-04-22,5.068915046458062,5.585861604488871,0.9921265193197657,0.6164065863475018
2022-04-25,5.075629663010114,5.609981521200667,0.9812374416365071,0.17228269703564578
2022-04-26,5.0375868299914375,5.571860300867151,0.9710170225443226,-0.3165699024788172
2022-04-27,5.036119264117155,5.618847907997178,0.9352559937758942,-1.9747101286021396
2022-04-28,5.080284918732144,5.641228203210539,0.9630876005357631,-0.8616272608051905
2022-04-29,5.0429931506828956,5.59851655901584,0.9569685240706081,-1.3249761596288006
2022-05-02,5.044957794622559,5.623251849915476,0.9408803487148507,-2.2278474932105294
2022-05-03,5.054534190719492,5.613750515796101,0.9573912041079558,-1.3630202000194103
2022-05-04,5.094724042276327,5.642435902436251,0.9766452961649295,-0.32380485262354103
2022-05-05,5.037395504616009,5.597904156414299,0.9518178342795345,-1.6276149859228537
2022-05-06,5.042111802151841,5.5884126777495355,0.9634613982007343,-0.9276092240111405
2022-05-09,5.008359146065293,5.550767607204949,0.957183642597963,-1.1833785771618475
2022-05-10,5.02434289578458,5.56919211378458,0.9597204395711119,-0.9898342275444283
2022-05-11,4.971109456272177,5.535418596671359,0.9311362837032666,-2.1911686339666754
2022-05-12,4.943847174195242,5.515259109153661,0.9185872138833444,-2.4046205740615894
2022-05-13,4.975264557723214,5.5376039027269535,0.9336964600941178,-1.6062628618793748
2022-05-16,4.964535005669252,5.539058224792539,0.9219054847662642,-1.8850114391776647
2022-05-17,4.989639853630438,5.559198316153302,0.9323112765730519,-1.3744931018694198
2022-05-18,4.931566589060271,5.5125994440622605,0.908247760286959,-2.0280512651853413
2022-05-19,4.906616425408866,5.508892890146607,0.8860027901309335,-2.412330748590699
2022-05-20,4.908362341893547,5.506599072588376,0.8894228277748697,-2.050605524129724
2022-05-23,4.947697487658831,5.5381286699816075,0.9057463935871679,-1.4552888738944942
2022-05-24,4.9282946108450165,5.5341693730576855,0.8892331723749178,-1.7480206092788615
2022-05-25,4.9294337561942045,5.54527745607217,0.8822651878669037,-1.7823768474410937
2022-05-26,4.952368298405347,5.5580706156040955,0.8958627629817455,-1.3406333526347882
2022-05-27,4.992316465328711,5.5853007238859185,0.9159372916203985,-0.7520256218555096
2022-05-31,4.986955850124703,5.580274272566972,0.9142451846108708,-0.7442837051768327
2022-06-01,4.986082063372998,5.582295421144672,0.9118962815894411,-0.7573493393101924
2022-06-02,5.002753566023398,5.590192866639954,0.9228039079628152,-0.3896062725311605
2022-06-03,4.963435173730656,5.573446190794988,0.8957079194434847,-1.1674199337420494
2022-06-06,4.96864913953857,5.568731955342503,0.9043625256338013,-0.8433406588592085
2022-06-07,4.986082063372998,5.582588974514978,0.9116820344245626,-0.5439298428018021
2022-06-08,4.981026022644964,5.57488955894724,0.9122453396944668,-0.47326491123776915
2022-06-09,4.944407956217076,5.553887338284055,0.8909555463794137,-1.1889301508527184
2022-06-10,4.905013536454577,5.508300231809393,0.8848324472869402,-1.3269015619045146
2022-06-13,4.865976488853142,5.464961739229563,0.8774255906646258,-1.4899974671962228
2022-06-14,4.872626818382302,5.474124819927297,0.8773883319743159,-1.3820785525343355
2022-06-15,4.892538946423335,5.503426529776054,0.875914882821502,-1.3473787726574389
2022-06-16,4.852079972957845,5.476086160881774,0.8554100203111337,-1.9931642913435736
2022-06-17,4.863547019019261,5.4869667076048145,0.8589360017364633,-1.730451138753712
2022-06-21,4.895782531306298,5.51126044891563,0.8734409555403451,-1.1575032474092954
2022-06-22,4.891948186254489,5.508853518256197,0.8713632861802703,-1.1964874029667312
2022-06-23,4.913292185848461,5.531237494933755,0.8763705510371214,-0.9705859471634881
2022-06-24,4.937513711177083,5.564817354219781,0.8760841320639763,-0.9258555353123757
2022-06-27,4.937513711177083,5.554265073999853,0.8837856144818685,-0.5155722312369186
2022-06-28,4.907271684660569,5.52200081115613,0.877091356583926,-0.7898133029032072
2022-06-29,4.9202112290565285,5.536631274644798,0.8793529948804251,-0.6236965556178562
2022-06-30,4.902019249852788,5.523364500406615,0.8708436460094688,-1.0351214870606096
2022-07-01,4.918054235970347,5.534015144561324,0.8791053597169745,-0.5218198946155468
2022-07-05,4.936807559239902,5.546533841128393,0.8887220301023371,0.02533134266889827
2022-07-06,4.9463690883080496,5.559235461116226,0.8890134013490201,0.04285725881472614
2022-07-07,4.9700850598260145,5.567428790238277,0.9067495487093291,1.0577957326083285
2022-07-08,4.974788829674038,5.564667839618829,0.9134683723854531,1.3505797791605918
2022-07-11,4.959920809516588,5.552829344450325,0.9072405665223835,0.9461267811874902
2022-07-12,4.966731366166732,5.51098441650116,0.9445912500609186,2.547177486268699
2022-07-13,4.964191404810951,5.507232424661044,0.9447896446420998,2.3151022414341482
2022-07-14,4.984467118809475,5.5125994440622605,0.9611482900361628,2.6237826595588833
2022-07-15,4.995852079693765,5.522936147535039,0.9649891051628154,2.425418626068186
2022-07-18,4.974992620360728,5.513268331431945,0.9511856104351146,1.8208100592583571
2022-07-19,5.001363829237653,5.53382255155511,0.9625555151774989,1.9736588494196214
2022-07-20,5.014783376485577,5.544324794261014,0.9683100994162706,1.9418098360938816
2022-07-21,5.029764512833375,5.554076046747705,0.9761743758993298,1.9605362605734415
2022-07-22,5.021620974239223,5.537015523800209,0.9804822994329605,1.8851322841848044
2022-07-25,5.014195031435759,5.531121682603517,0.9773579211638088,1.6514843640366943
2022-07-26,5.005329495159585,5.5039823322725985,0.9882997843359433,1.7394698889141453
2022-07-27,5.038991237397046,5.568694579270811,0.9747319020664804,1.3279447064543533
2022-07-28,5.042556662489886,5.596835482568388,0.9577589537032587,0.8885402932422409
2022-07-29,5.074823373892585,5.612379142918676,0.9786812708705428,1.2609866278331554
2022-08-01,5.068651008625118,5.6026074331832225,0.9796406959983139,1.2056792435016075
2022-08-02,5.059320239746783,5.591066573563803,0.9787329149097141,1.1164315991130997
2022-08-03,5.096854612834517,5.618522603544733,0.9962287628866449,1.4094469913816203
2022-08-04,5.094926401425605,5.622691481449457,0.9912579351695596,1.2186613183306867
2022-08-05,5.093536742203626,5.620079273732325,0.9917747711681466,1.155878552585305
2022-08-08,5.090629454167098,5.610882098495357,0.9955799549297062,1.1709562157487974
2022-08-09,5.09093262680201,5.617920782761114,0.9907460100897199,0.9950608923785907
2022-08-10,5.11679001943255,5.641930445831142,0.9990801760678689,1.1315802080098607
2022-08-11,5.112348602808549,5.634501933622505,1.000060389174461,1.0997912360197373
2022-08-12,5.133547747974315,5.651395839333902,1.0089296762342848,1.28872221947827
2022-08-15,5.139861307084327,5.656725564004411,1.0113533859480865,1.3202272182427155
2022-08-16,5.138937175629844,5.654132459108982,1.0123218076995153,1.3144783666165356
2022-08-17,5.147683419548134,5.6514929545198775,1.0229944692035078,1.6318918876281459
2022-08-18,5.145389210821399,5.647537806252203,1.023586888220616,1.6063444751480953
2022-08-19,5.1301720717191275,5.633586705382287,1.018551828803547,1.3967186558335873
2022-08-22,5.106873424938376,5.6037919458374486,1.0169986068975607,1.373207944884087
2022-08-23,5.104842256234288,5.599064543114738,1.0184176885841403,1.3637116220184429
2022-08-24,5.106634471365383,5.596710267205727,1.0219281498328732,1.453781774638316
2022-08-25,5.1214470198444815,5.607744664063232,1.0286873476030287,1.6377729090888975
2022-08-26,5.083018786793051,5.568393190925691,1.0189794169100024,1.1189568724571093
2022-08-29,5.069233891258141,5.557667943840346,1.0130222420320303,0.8003442944577055
2022-08-30,5.053810085025303,5.549110520479959,1.0038439907104442,0.2953816981865589
2022-08-31,5.043118122031481,5.543390212383136,0.9973269407510035,-0.09713349177070317
2022-09-01,5.047814038940965,5.539289504251982,1.0050157209009223,0.2751199722440315
2022-09-02,5.034109240125474,5.522482368659961,1.0035774518362839,0.15533717127517016
2022-09-06,5.025860194840703,5.511447818925922,1.0033818688359553,0.09797826713999058
2022-09-07,5.035071823976469,5.5303789197523185,0.9987768121818101,-0.19552578483686256
2022-09-08,5.025407141223063,5.532043457651161,0.9878972821068137,-0.8992133998152341
2022-09-09,5.044071683618591,5.554760628311574,0.9899819112723058,-0.963709487882933
2022-09-12,5.081856624191745,5.563007649696958,1.0217478408946725,1.223919756279567
2022-09-13,5.021385208185876,5.506460049312161,1.0025471588970873,-0.25199995576379286
2022-09-14,5.030895181582344,5.507372331026771,1.0113913120690352,0.3838425024699988
2022-09-15,5.0117837229410025,5.479878683159042,1.0123458335991797,0.42409638185348975
2022-09-16,5.000763012972193,5.4772670288662235,1.0032312149394098,-0.4052341679846507
2022-09-19,5.025536734914948,5.476367717036637,1.0286612911581519,1.7095432054129536
2022-09-20,5.041080688212448,5.467866136108743,1.0504100432930454,2.938269214736658
2022-09-21,5.020604761201453,5.453324917925521,1.040546887535161,2.0082372982849894
2022-09-22,5.014209323627869,5.461784580565337,1.0279772447922708,1.0357680168047014
2022-09-23,4.99897002515253,5.449005069532999,1.0220649521842464,0.5670105452035115
2022-09-26,5.001227573165152,5.4470277069016415,1.0257656597056957,0.7870571166943957
2022-09-27,5.007772516989158,5.442638112980744,1.0355143073452653,1.3798100004300564
2022-09-28,4.9950400752034705,5.462158015878163,1.0085354481189626,-0.47764605489661655
2022-09-29,4.944673886135189,5.447238221204242,0.9690583307929925,-2.6705766487354556
2022-09-30,4.91417411238093,5.427679762595684,0.952833114002301,-2.9331337725297018
2022-10-03,4.944463169389389,5.460788222075336,0.9589582734216386,-2.28437576130217
2022-10-04,4.969763601312796,5.494041418696786,0.9599891727150114,-1.9968615304770192
2022-10-05,4.971814753142044,5.495326470428969,0.9611024416303087,-1.7689048421871179
2022-10-06,4.9651670293998595,5.48560829584793,0.9615474361546967,-1.60469976975178
2022-10-07,4.927757098462523,5.43341691450259,0.9622288937532302,-1.4603368488708661
2022-10-10,4.930110071892198,5.411883624776332,0.9802977360538794,-0.7349801263309095
2022-10-11,4.919802148122465,5.394991652933688,0.9823182589741779,-0.6196978377926852
2022-10-12,4.915186656627684,5.396498800436932,0.9766027900569352,-0.7902083393563073
2022-10-13,4.948246912009053,5.43341691450259,0.9827187072997603,-0.5440920873695606
2022-10-14,4.915475686858308,5.408869392426755,0.9678632601353541,-1.0246913392622674
2022-10-17,4.944182507024369,5.447364561100801,0.9684747436975711,-0.9462447728698297
2022-10-18,4.9535476785313,5.451440013072895,0.9748654849340883,-0.6812494121020728
2022-10-19,4.954312497253585,5.442934196121256,0.9818381941158343,-0.4147028125603121
2022-10-20,4.9510403708908965,5.44153779634041,0.9795852169925898,-0.4824483464711725
2022-10-21,4.977739790097844,5.466504079808871,0.9880632291514799,-0.18335714898786504
2022-10-24,4.99243394754205,5.487470608711908,0.987455162778125,-0.16753935750741442
2022-10-25,5.011587091156452,5.5011680862070245,0.9966113313407359,0.16590129249709798
2022-10-26,4.99176461155502,5.420872593626481,1.0353917613907382,1.473690272692893
2022-10-27,4.960825659026898,5.400918738691646,1.0190159421140996,0.8943125844154084
2022-10-28,5.033659909231832,5.440351280748229,1.063070722572955,2.1437060132204215
2022-10-31,5.018129723579839,5.424368199351633,1.0592056384719193,1.8963722588533354
2022-11-01,5.000431433792759,5.407161644499508,1.0540653908240052,1.7275238402158744
2022-11-02,4.962412489089773,5.371152649162286,1.0423272725107369,1.3724261132220337
2022-11-03,4.919082369875351,5.34421427924229,1.018657869083007,0.6830802197619184
2022-11-04,4.91713305945872,5.376996441132919,0.9927828063020305,-0.06390422454946267
2022-11-07,4.921027776610805,5.405845909973001,0.9756220101047028,-0.5390259800662658
2022-11-08,4.925194283223001,5.410224816963111,0.9765926126572038,-0.4614544115498351
2022-11-09,4.8914409694608,5.3909908919468394,0.956876998070213,-1.014050474010508
2022-11-10,4.976677441165699,5.470049658046654,0.9844131733076122,-0.1760807536443082
2022-11-11,4.995762876132831,5.486904286535384,0.9911974162801531,-0.004077494447726854
2022-11-14,4.986231760710489,5.4641470820759075,0.9982754323793617,0.18419064429167456
2022-11-15,4.9980314794360545,5.46588433189123,1.008807235675338,0.48289516501474716
2022-11-16,4.989665616432735,5.4677062291287974,0.999111678117865,0.1215570025168454
2022-11-17,5.002553407044,5.467499400504898,1.0121504206539544,0.5167560525802225
2022-11-18,5.00632803719141,5.46559425752723,1.017315501475558,0.6443147868950023
2022-11-21,4.984409267148636,5.469029151854177,0.9928898061318105,-0.2338315792748262
2022-11-22,4.9989641587602325,5.481265481773997,0.9985141274995408,-0.05356561294268561
2022-11-23,5.004872975899724,5.4916185414818095,0.9968668614371738,-0.13831874693539592
2022-11-25,4.985084899470437,5.491255068562342,0.9773440622977541,-0.8344530869139404
2022-11-28,4.958469673241979,5.467830331531923,0.9678251599560346,-1.177243220330742
2022-11-29,4.937094349903793,5.461897824252722,0.9507796212286204,-1.7157260760742352
2022-11-30,4.984544492784824,5.5216972790868875,0.9545856947325762,-1.514861919107105
2022-12-01,4.986434379348616,5.519931917505484,0.9577640138338896,-1.3430649835671238
2022-12-02,4.983057258942245,5.521226820639411,0.9534418205607107,-1.4139026426789092
2022-12-05,4.975042059435433,5.502145317945071,0.9593530762317943,-1.166425495305633
2022-12-06,4.949344639626394,5.48163266667948,0.9486266219177732,-1.4109340173091114
2022-12-07,4.935463837221998,5.478568261408228,0.9369823468634828,-1.6210296061856588
2022-12-08,4.947523705794503,5.490891274692919,0.9400483801539918,-1.4258802816713325
2022-12-09,4.944082919258926,5.482855791563679,0.942472215363602,-1.262528398749589
2022-12-12,4.960339908293453,5.511335549107831,0.9379435213589415,-1.3423255335121556
2022-12-13,4.967099702547663,5.528649616748813,0.9320668062767714,-1.4736392235694291
2022-12-14,4.95144162175833,5.529816718826535,0.9155569270188488,-1.9179591334826815
2022-12-15,4.903454161436304,5.497377824067391,0.891244688775517,-2.473704822733022
2022-12-16,4.888768078077625,5.479876837984753,0.8893315354188935,-2.2666625529585342
2022-12-19,4.872730512848053,5.4623968377157475,0.8860515838927805,-2.0988576385054074
2022-12-20,4.872201652082146,5.4679956915990156,0.8814364523073301,-1.9884978674251426
2022-12-21,4.895732209265194,5.478813642502158,0.8970716298243957,-1.4634244988317973
2022-12-22,4.871672277693303,5.452953463209447,0.8918855067560205,-1.4774710152487627
2022-12-23,4.8688703450481015,5.455217950188936,0.8874308595984477,-1.4621840732923315
2022-12-27,4.8548948095322135,5.447776205355296,0.878886611519988,-1.530855172712874
2022-12-28,4.823728963485381,5.437468306338699,0.8552438885695084,-1.8756335019978274
2022-12-29,4.851659513914469,5.464723206243108,0.8632827067814381,-1.5839113257699706
2022-12-30,4.854125435753785,5.459773536692875,0.869361098363882,-1.3587272582824017
2023-01-03,4.816003164772744,5.45877224719579,0.831969609099807,-1.9877005207822456
2023-01-04,4.826264642269982,5.414043505799081,0.8748759375924404,-1.038490706785334
2023-01-05,4.815603419546286,5.3839575710101455,0.8861726512553525,-0.7372124497833907
2023-01-06,4.851736548704718,5.395674012700704,0.913754645701716,-0.046201564984186906
2023-01-09,4.855817277391455,5.405363442052556,0.9107636355568993,-0.052957168320635635
2023-01-10,4.860263797025662,5.412951664865205,0.909671962179107,-0.023703461046505635
2023-01-11,4.881156203417892,5.442741593570616,0.9088224694392699,0.0075284930072946985
2023-01-12,4.88055670877761,5.454296099460654,0.8997900274070569,-0.2104490968237457
2023-01-13,4.890624895674912,5.457310277218476,0.9076583450322717,0.07287144847543932
2023-01-17,4.899343254121581,5.461980999661869,0.9129678206567506,0.2967477789504721
2023-01-18,4.893958823705013,5.4429111544374305,0.9215013373233725,0.6331438547915771
2023-01-19,4.894402493582135,5.426320419706099,0.9340535988195802,1.1365069339712368
2023-01-20,4.913440965316138,5.461440041367226,0.9274603451720482,0.9609425876574483
2023-01-23,4.936669335971646,5.471216299881038,0.9435536055492388,1.5237494963909592
2023-01-24,4.946681996647169,5.468987857100258,0.9551926742178938,1.8685950027848108
2023-01-25,4.941970214861696,5.463062168545596,0.9548057004612529,1.7973810764358162
2023-01-26,4.956665080110638,5.493313526947876,0.9474218964560812,1.5105633556761284
2023-01-27,4.970256659834443,5.49395860920662,0.9605426689637895,1.834659335152485
2023-01-30,4.949974120454177,5.471752125095628,0.9564673230412031,1.5873236698378335
2023-01-31,4.958954619142408,5.492547096174651,0.9502708077753095,1.2990628563689008
2023-02-01,4.966824472651921,5.512285652778926,0.943734661493866,1.033788587704452
2023-02-02,5.003216792687746,5.558104272138227,0.9466866933594282,1.0486918697514898
2023-02-03,5.027323675030517,5.534200167692756,0.9882397613858007,2.02086345385578
2023-02-06,5.009232129130993,5.528065463564416,0.9746255715646486,1.5178090125063075
2023-02-07,5.0282941088745705,5.56922865663113,0.9636449822084296,1.147357312747889
2023-02-08,5.010483711970245,5.5661217066494375,0.9481021635107636,0.6954126699074582
2023-02-09,5.00354785953292,5.554393474008936,0.9497260512993657,0.6855775827308638
2023-02-10,5.006001466571341,5.55241911216045,0.9536206277534731,0.7389833202933338
2023-02-13,5.024633439268472,5.583183741581223,0.9497993251737018,0.5831239964354357
2023-02-14,5.020399480614503,5.58631177577669,0.9432824001980595,0.3395231742790527
2023-02-15,5.03420730874507,5.578286743306188,0.9629472227588796,0.9856333854257348
2023-02-16,5.02372280079322,5.551303167489465,0.972156423692045,1.3038037425637836
2023-02-17,5.016147721637266,5.53557856667582,0.9760577964659731,1.4163684801073626
2023-02-21,4.989105645350806,5.514470661501528,0.9644211261382507,0.8598684405844236
2023-02-22,4.9919974118051655,5.509869150867884,0.9706712618267623,1.0647736140444823
2023-02-23,4.995282547521412,5.522747565362176,0.9645572079147033,0.7426015536345297
2023-02-24,4.97711314073896,5.500722390101338,0.9624626680318249,0.5967698913953373
2023-02-27,4.985326876091919,5.504487107952322,0.9679287594885455,0.8386743387242735
2023-02-28,4.981873038337533,5.5015244876695455,0.9666371622682579,0.7379350012107664
2023-03-01,4.967524513037214,5.488814891666171,0.961564616009289,0.3769479822293784
2023-03-02,4.97164521840661,5.508277534902984,0.9514806943625302,-0.42763137554793546
2023-03-03,5.006133803876741,5.524786497709279,0.9739203686835616,1.2248885516303143
2023-03-06,5.0245032268334215,5.530956524076044,0.9877866559585495,2.2121559864504468
2023-03-07,5.009900771470861,5.520311026032941,0.9809537171649136,1.5435036320947892
2023-03-08,5.018243101675261,5.518538867182856,0.9905894408294174,2.0555669761592745
2023-03-09,5.0032163827568,5.513084625879979,0.9795434485995553,1.1553099993498601
2023-03-10,4.989240237447834,5.498191291370192,0.9764370633311072,0.8692424160473278
2023-03-13,5.0024191591359095,5.519405584454635,0.974132932845369,0.662122769999411
2023-03-14,5.0164098085250695,5.546101842760125,0.9686395693313301,0.23201780294679217
2023-03-15,5.019027814271666,5.563775196809525,0.9583588439373729,-0.5540892758651219
2023-03-16,5.037549399646037,5.603511749131233,0.9478790805345048,-1.3715167224251175
2023-03-17,5.032080431995257,5.615138128912462,0.9339247090086662,-2.2596482408875738
2023-03-20,5.047445443322354,5.5890337711838,0.9683417401729537,0.26585117351309223
2023-03-21,5.059318980157859,5.5947111527053215,0.9760716935311082,0.8410228948494026
2023-03-22,5.050173945953223,5.5892540628035645,0.9709094650381589,0.43441164142314886
2023-03-23,5.057119062514389,5.608783739267951,0.9636010310128311,-0.15485527842744046
2023-03-24,5.065390530326084,5.619209749931564,0.9642631730540705,-0.1450579688922841
2023-03-27,5.053020909274329,5.604163209203274,0.9628751281596823,-0.2837485784638812
2023-03-28,5.049032574026814,5.599993509020599,0.9619300093521659,-0.40408023872701976
2023-03-29,5.06862998625948,5.618995960134613,0.967658661458934,0.0031404244156316087
2023-03-30,5.0784715181918,5.631536593605637,0.9683475300641442,0.04859424484790221
2023-03-31,5.09399449881298,5.646388078241099,0.9730312943817614,0.46374639796146644
2023-04-03,5.101666831895418,5.642669827636734,0.9834173576777658,1.3368993392964112
2023-04-04,5.098411784602566,5.642495605607675,0.9802894646933318,1.0016216057906766
2023-04-05,5.087057140202715,5.63255704083408,0.9761883882681426,0.6300899472760307
2023-04-06,5.092538030908674,5.657769426070911,0.9632682568663036,-0.4659836952475469
2023-04-10,5.076436731256235,5.650161569426038,0.9527194797935516,-1.3011393280626709
2023-04-11,5.068816676279099,5.627232433032576,0.9618340392420457,-0.5264984212665711
2023-04-12,5.064454007157454,5.629563349740704,0.9557701724957095,-0.9796779276199348
2023-04-13,5.097988951910843,5.651715340635927,0.9731376951521478,0.39741098331949426
2023-04-14,5.095872849784799,5.63886779771146,0.9803982513296852,0.925802031289481
2023-04-17,5.095993626415107,5.64812067126424,0.973765905270251,0.3776134309647484
2023-04-18,5.103470397117898,5.64663066695252,0.9823301415984931,1.1246265216250102
2023-04-19,5.11041452847687,5.646908300632281,0.98907164462892,1.620812929435498
2023-04-20,5.104551143638603,5.63876260939252,0.9891533158882089,1.6427200144190128
2023-04-21,5.094721984810366,5.63753872439985,0.9802173980046902,0.9020853739221022
2023-04-24,5.096598784394416,5.623477518785678,0.9923566361854146,1.7631976742150846
2023-04-25,5.08711830064821,5.600683690622833,0.9995120134260196,2.07929621119473
2023-04-26,5.087057140202715,5.670615285039274,0.9484119368762798,-1.4902998240228928
2023-04-27,5.115056617630498,5.702140604249618,0.9534029567425959,-1.1210649229340928
2023-04-28,5.122569553227357,5.710080754708844,0.9551208482463629,-1.0427977029435496
2023-05-01,5.122038975392735,5.704532417174574,0.9586396723493449,-0.9560484765899278
2023-05-02,5.115828284736222,5.704041637034273,0.9527871729598187,-1.329983694797788
2023-05-03,5.109340011478906,5.700729111830049,0.9487165150507932,-1.5091686823991775
2023-05-04,5.099377282631018,5.704041637034273,0.9363361708546147,-2.1306413978792236
2023-05-05,5.145236289662449,5.7210531289151225,0.9697795006208558,0.08606579538256662
2023-05-08,5.144832892368812,5.714594278941866,0.9740900342001781,0.3518371752837917
2023-05-09,5.13481178390674,5.709234099552712,0.9679810022241302,-0.06744731559929944
2023-05-10,5.145178582520134,5.726382619137042,0.9658321151924261,-0.22065924239550366
2023-05-11,5.146272850378861,5.719313403623046,0.9720857834702707,0.18919286121470738
2023-05-12,5.140840581832779,5.715630446113546,0.9693414868045878,0.0028140184042852933
2023-05-15,5.137939016903485,5.717215206312715,0.9652832995570737,-0.2521925152357093
2023-05-16,5.137939016903485,5.724555807710102,0.9599258307047993,-0.5654423945317499
2023-05-17,5.141535499401333,5.7339629903558595,0.9566565694734974,-0.7355204033228689
2023-05-18,5.1551093535155905,5.748255316247964,0.9597993040311534,-0.485618552124436
2023-05-19,5.155737504163367,5.747690133302028,0.9608399481334544,-0.4084065409560762
2023-05-22,5.15024154047461,5.756571735099638,0.9488618309516692,-1.202755506292766
2023-05-23,5.134970529516695,5.737967748692819,0.9471687644027975,-1.2500043269585874
2023-05-24,5.136601355232936,5.733485262094183,0.9520710907812964,-0.9142367974961688
2023-05-25,5.143271396236285,5.771222057080726,0.9311992870800658,-2.024752538346446
2023-05-26,5.157277386150406,5.792382123162552,0.9297618018879374,-1.905749648477243
2023-05-30,5.167880893721311,5.787322758342988,0.9440578392620216,-1.0174494104623717
2023-05-31,5.16759861281847,5.7787720596794205,0.95001620531374,-0.629702668725131
2023-06-01,5.183494242369416,5.791450315068076,0.9566587294760627,-0.1940699122531683
2023-06-02,5.188258330108656,5.799893836003438,0.9552603929170935,-0.22295367538827535
2023-06-05,5.180658310403752,5.801502671212861,0.9464861799742907,-0.7315604355140801
2023-06-06,5.178595903213694,5.79475252795385,0.9493503013206288,-0.4955434401639968
2023-06-07,5.170809318451976,5.763398143257098,0.964447419174185,0.8398323824078529
2023-06-08,5.186155992831744,5.769195037688557,0.9755632847039424,1.6697856476769426
2023-06-09,5.188313604096676,5.773887804930834,0.9742959239576683,1.4468520122786317
2023-06-12,5.20383127945906,5.789253070389598,0.9785994049174587,1.6490887518391109
2023-06-13,5.2012162238803406,5.7965790109544875,0.9706375805571001,0.9815924507816223
2023-06-14,5.2047014751135245,5.805661442368505,0.967494104691597,0.6994915253839262
2023-06-15,5.215837941063406,5.837059992385507,0.955714634382832,-0.2149726315748415
2023-06-16,5.2099608136416755,5.820345238450526,0.9620366128289071,0.21506801593440458
2023-06-20,5.210447411302177,5.807763927050286,0.9717055622203628,0.9867729144558361
2023-06-21,5.204755847679471,5.794392832895575,0.9757727658398325,1.3019496215123512
2023-06-22,5.221146000560813,5.812662424598882,0.9788290291397193,1.4699705623224968
2023-06-23,5.21943343903194,5.79876014253802,0.9872629173476639,1.9328072027721064
2023-06-26,5.211851716865066,5.77941134659817,0.9938027318185991,2.173588164950244
2023-06-27,5.226798648492965,5.797416297507507,0.9956089194581601,2.0687840811260685
2023-06-28,5.233106337426613,5.801234819353175,0.9991296961563645,2.045970841590691
2023-06-29,5.234901343428982,5.798849871528777,1.002665333885183,2.006281138837861
2023-06-30,5.257741151376616,5.81510279543916,1.0136430982624836,2.256557246607891
2023-07-03,5.249925854138121,5.807586328905642,1.0113136233909152,1.9249120473019226
2023-07-05,5.244037326104233,5.808059640030088,1.005079653686873,1.5164851712104597
2023-07-06,5.246542742318479,5.817244029757042,1.000881929487199,1.244222615732399
2023-07-07,5.240634119105715,5.805305650562133,1.0036864199855433,1.270264319351614
2023-07-10,5.229718938698743,5.789192737375625,1.0045310976396342,1.2169085776577349
2023-07-11,5.226904932312902,5.7911197262773,1.0003106965375412,0.9902904034271228
2023-07-12,5.235850347456366,5.805246370255368,0.998945913510239,0.8900830894606194
2023-07-13,5.239899722998262,5.821308858456703,0.9912722331919834,0.48277539606144365
2023-07-14,5.240686491836959,5.828809805165458,0.98658450666181,0.20340533705604816
2023-07-17,5.257844197035349,5.8302283280182525,1.0027069163048807,0.9600041956825224
2023-07-18,5.256503058558521,5.86925639462444,0.9728815106831901,-0.6320515395742635
2023-07-19,5.2635497667642035,5.856913172983607,0.9889368030494312,0.1629212425186425
2023-07-20,5.253401143437679,5.8335200460236205,0.9958614332972022,0.515352561743072
2023-07-21,5.247220409407477,5.824542844484483,0.9962326253317553,0.489020878294744
2023-07-24,5.251431443610323,5.828433239842549,0.9976042910924887,0.5349220387461872
2023-07-25,5.255935056807256,5.845299361863238,0.9897983238486878,-0.012452350563693614
2023-07-26,5.2604696666793025,5.806935171574118,1.0223326769828933,1.9436875614123517
2023-07-27,5.253866980735177,5.7858421897706505,1.0311245053157432,2.2204673251010614
2023-07-28,5.2672844528251455,5.8087098826204135,1.027852206972244,1.866133714307167
2023-07-31,5.270445421250053,5.801443165028375,1.0363167208493653,2.2154799240978233
2023-08-01,5.266160318741118,5.802692604771025,1.0311197265019185,1.820414057825861
2023-08-02,5.250549057121327,5.77605809222233,1.0349474132257779,1.896271894804384
2023-08-03,5.243200548657293,5.773489975175093,1.0294732208217967,1.4787606794495665
2023-08-04,5.1939893377117325,5.776912636203367,0.9777640129331795,-1.5585641558927346
2023-08-07,5.1765850736384476,5.783996066165763,0.9551899741593761,-2.5247762820696873
2023-08-08,5.181882727502769,5.7716206948723325,0.9695196763056657,-1.6505949886621596
2023-08-09,5.172887917182222,5.759835733857256,0.9691260088813953,-1.5574029338486586
2023-08-10,5.171652516762553,5.762005509393595,0.966307018204871,-1.5671147426494887
2023-08-11,5.171989839500317,5.756042418996678,0.9709964463540732,-1.2659743735540323
2023-08-14,5.1813394037671925,5.765436935185588,0.9734895113861333,-1.0800122827046685
2023-08-15,5.17007582583868,5.758686587360047,0.9671526112949742,-1.2639834123720237
2023-08-16,5.165104439530504,5.756255279446606,0.9639556921879713,-1.304093982763631
2023-08-17,5.1504423483954325,5.745208290745764,0.9573561418002079,-1.461247842403126
2023-08-18,5.153254549352621,5.743945267575816,0.9610901483324961,-1.2239550356746727
2023-08-21,5.160961443858127,5.760863851249705,0.9564491737533629,-1.3066451371885384
2023-08-22,5.168835294342679,5.762664041776718,0.9630091721221925,-0.9938495851000034
2023-08-23,5.190546875255766,5.77664520858312,0.9745167300092632,-0.5303143695726743
2023-08-24,5.164027804331106,5.754912390016159,0.9638591522023283,-0.8823009016752251
2023-08-25,5.176591622561792,5.764275347598056,0.9695895039505498,-0.645273192590815
2023-08-28,5.185398912026284,5.766502211765915,0.9767715375576955,-0.35199589215826804
2023-08-29,5.206974723740226,5.780947793157624,0.9878043776308365,0.035152772191087533
2023-08-30,5.225965523146813,5.782104295150735,1.0059511149408378,0.6781661000668489
2023-08-31,5.22713704574359,5.77896683263083,1.0094124850331552,0.7810077784326678
2023-09-01,5.2355650096855415,5.781708780418066,1.0158392641852734,0.9749804202539681
2023-09-05,5.236830824007191,5.796477951667646,1.0063259378534477,0.6218789607176168
2023-09-06,5.200381275012297,5.79446725356761,0.9713438779454977,-0.594820115690205
2023-09-07,5.170695601648471,5.785504960615747,0.9481992497542997,-1.3172674159155597
2023-09-08,5.174181222905126,5.798634045823708,0.9421027317211763,-1.44005881768874
2023-09-11,5.180781883637226,5.809553367523562,0.9407340282652479,-1.4015335904317199
2023-09-12,5.16357421534747,5.79112699723717,0.9369746729304707,-1.4733298042600982
2023-09-13,5.15164855851194,5.8039746280125355,0.9156722936742074,-2.108975747043491
2023-09-14,5.160392705521697,5.811799736357143,0.9187053589956404,-1.9184035004433997
2023-09-15,5.156230014372194,5.78644410197719,0.9330482389930204,-1.3415213808639657
2023-09-18,5.173001903847808,5.782925025206485,0.9523884935339986,-0.50974807656383
2023-09-19,5.179163925533406,5.78167838592054,0.9594603631711349,-0.2247122268670111
2023-09-20,5.158969092110019,5.757409342766093,0.9569780625138948,-0.309577892692303
2023-09-21,5.15003980733855,5.7535361424508515,0.9508755965443445,-0.5337073983000382
2023-09-22,5.154972176369228,5.745618408091617,0.9615866494884804,-0.08761937087397986
2023-09-25,5.162325499660995,5.747288948672456,0.9677207444576883,0.16882849171940803
2023-09-26,5.138648841430793,5.73013683934613,0.9565623918119988,-0.26694103200193753
2023-09-27,5.129711619250542,5.7322170254670155,0.9461069653666936,-0.6634796142308038
2023-09-28,5.131236079255472,5.734930877371255,0.9456507460976029,-0.6522347310435824
2023-09-29,5.134277865206341,5.741635809250281,0.9437990006123034,-0.7031120354234655
2023-10-02,5.149004488572169,5.760615258136972,0.9446736518113861,-0.6411831367632952
2023-10-03,5.141204259647178,5.7341335311512,0.9562008621247111,-0.18072430814370227
2023-10-04,5.14848642695449,5.751750748586998,0.9506252690706409,-0.3858176836621595
2023-10-05,5.155658665936113,5.7530038609401775,0.9568829357935194,-0.11390338872882276
2023-10-06,5.170301306371169,5.777440000380206,0.95369108981083,-0.22801309687331556
2023-10-09,5.178716979978402,5.785232132315592,0.9564197492516895,-0.10154240543055716
2023-10-10,5.17535906653107,5.780886956959352,0.9562331211484993,-0.08230390795467848
2023-10-11,5.183232171218423,5.793084410380529,0.9552040292386801,-0.08208449855734551
2023-10-12,5.188280474137851,5.789286784312027,0.9630239938072247,0.3267289431407937
2023-10-13,5.177934451829028,5.778875301617935,0.9602766941670158,0.3104525604042386
2023-10-16,5.177207374405351,5.793745948115722,0.9486964153348776,-0.19733993165763558
2023-10-17,5.168383794361414,5.792000619004469,0.9411466473186358,-0.6852061041229123
2023-10-18,5.160961443858127,5.786111010591013,0.9380227720926477,-0.8833441978012045
2023-10-19,5.1587981467885555,5.789769674536992,0.9331892335714027,-1.2125309048367994
2023-10-20,5.143984747258201,5.77563565855614,0.9286914125986732,-1.486471804515312
2023-10-23,5.144678551646907,5.783715031281362,0.9234885628335796,-1.7542454213307737
2023-10-24,5.147218627286777,5.787382549313213,0.9233519349505217,-1.660131990238227
2023-10-25,5.1336352750550285,5.817599412824499,0.8877150892362424,-3.451648099576864
2023-10-26,5.108721767794874,5.77936333879694,0.8907078207903645,-2.847190054599945
2023-10-27,5.116659651862144,5.7852017509506934,0.8943845946887041,-2.3361587378880557
2023-10-30,5.128889771702482,5.807687463775587,0.8902037286221613,-2.219304624263018
2023-10-31,5.131704662844419,5.810056299926444,0.8912897469909664,-1.949476938196148
2023-11-01,5.150269762172772,5.833326052850482,0.8928716361241671,-1.7170381196235438
2023-11-02,5.17075194162017,5.839806599819817,0.9086240493501947,-1.0341644277544948
2023-11-03,5.1655572479832745,5.852586418918481,0.8941021250066754,-1.4722676654366664
2023-11-06,5.180056874321813,5.863103394356108,0.9009260357904534,-1.1403646108225254
2023-11-07,5.194404201139564,5.874260233806309,0.90713064832521,-0.8467851086306355
2023-11-08,5.200271797669727,5.881638679725825,0.9076131555347535,-0.7769010212907071
2023-11-09,5.19764386128634,5.874703966395328,0.9100464544175688,-0.6403441321424681
2023-11-10,5.220598451628187,5.899295767352206,0.9150529502484268,-0.4164486651484061
2023-11-13,5.211977733215168,5.891174535494954,0.9123594364828103,-0.4801999730676337
2023-11-14,5.226162348292255,5.900917541489825,0.9194332103196112,-0.16762120682309622
2023-11-15,5.229198792885995,5.901323388430307,0.922173451343002,-0.023642251798985044
2023-11-16,5.238200128083487,5.918753808161074,0.9184533587262971,-0.1253017910703434
2023-11-17,5.238094794979196,5.901810187439345,0.9307141677604029,0.42561018226116254
2023-11-20,5.247330164803596,5.922124232587979,0.9251235228952943,0.24193144133002947
2023-11-21,5.243090339051331,5.910478764110851,0.9293830327231571,0.4924842516501173
2023-11-22,5.246598582675493,5.92320998289143,0.9235995161255053,0.2874533299890557
2023-11-24,5.239569663400093,5.922097738135254,0.9173823582187897,0.06344560478453905
2023-11-27,5.238621673533324,5.925219411025994,0.9141560447687418,-0.030857565637499508
2023-11-28,5.2418306523316245,5.935963998971584,0.9095231871652576,-0.25082692018985303
2023-11-29,5.236406250132751,5.925852859187041,0.9114783051887949,-0.06223102956666487
2023-11-30,5.239464474462053,5.9260113825512,0.9144208327325254,0.20922508371243492
2023-12-01,5.24623271136835,5.9143312560302626,0.9297137000660811,1.3644629188802322
2023-12-04,5.236722993478219,5.899888658125166,0.9307447763471224,1.4262089132992313
2023-12-05,5.257567451313756,5.909003349209345,0.9449369626672803,2.2323273294552743
2023-12-06,5.25186415311356,5.898967180094963,0.9465584680513786,2.1204062547337132
2023-12-07,5.261952435047093,5.904779932244259,0.9524043675287652,2.2378652386077507
2023-12-08,5.269337481479436,5.913583255400646,0.9533643913977468,2.077803562520211
2023-12-11,5.256325801526291,5.905722921393252,0.9460895022514251,1.540742240619103
2023-12-12,5.264214904840801,5.913983912998989,0.9479493985812892,1.5458493081216151
2023-12-13,5.2807686547943105,5.913957366874809,0.9645225229737227,2.2494181894942367
2023-12-14,5.281526024143364,5.891154630512568,0.981922254875089,2.7391176119227376
2023-12-15,5.278796556837355,5.904186688414972,0.9696814627452008,1.9229857634061127
2023-12-18,5.270256808900516,5.9093522605713416,0.9573716705798638,1.2742660922172684
2023-12-19,5.275602681669654,5.910987918857995,0.961523773540601,1.3769542197833704
2023-12-20,5.26483092561401,5.903889934471271,0.9559324145951082,1.0416077514124353
2023-12-21,5.264060642953232,5.911737779967977,0.949434455749512,0.6789272062008241
2023-12-22,5.25849773750817,5.914517901009846,0.9418425051239465,0.2639801957548246
2023-12-26,5.2556528457690845,5.914731696487152,0.938841576767639,0.07542923542259579
2023-12-27,5.25617071563374,5.913155539768016,0.9405097897815731,0.1162046327273088
2023-12-28,5.258394441569701,5.916385069071858,0.9403764741461185,0.07366689778120318
2023-12-29,5.252955526868949,5.9184081622984035,0.933461023891982,-0.3219246678939005
